UserID,LoginTime,LogoutTime,SessionDuration
User_1,2024-01-01 07:29:53.377711402,2024-01-01 15:09:11.378232931,7.655
User_1,2024-01-02 08:55:40.712762084,2024-01-02 14:07:06.906563849,5.190555555555555
User_1,2024-01-03 06:37:26.668422371,2024-01-03 08:42:57.730334843,2.0919444444444446
User_1,2024-01-04 06:13:56.404015222,2024-01-04 13:17:44.042888750,7.063055555555556
User_1,2024-01-05 08:24:16.056169102,2024-01-05 14:21:39.485129562,5.956388888888889
User_1,2024-01-06 06:04:56.416717859,2024-01-06 13:52:18.144992341,7.789166666666667
User_1,2024-01-07 09:19:47.174027526,2024-01-07 11:48:58.119616618,2.486111111111111
User_1,2024-01-08 06:43:38.279527782,2024-01-08 09:00:40.073176088,2.283611111111111
User_1,2024-01-09 07:13:01.088298617,2024-01-09 11:53:24.950375749,4.673055555555556
User_1,2024-01-10 07:43:40.008268446,2024-01-10 10:45:58.982601436,3.0383333333333336
User_1,2024-01-11 08:26:50.681684002,2024-01-11 10:25:25.926972433,1.976388888888889
User_1,2024-01-12 07:10:06.882938907,2024-01-12 10:43:59.201389908,3.5644444444444443
User_1,2024-01-13 07:49:27.407772725,2024-01-13 14:19:13.841999828,6.496111111111111
User_1,2024-01-14 06:47:55.302463080,2024-01-14 11:23:54.010311103,4.599444444444444
User_1,2024-01-15 08:22:10.769791613,2024-01-15 09:41:41.320192156,1.325
User_1,2024-01-16 08:25:48.645867380,2024-01-16 10:37:25.853784299,2.193611111111111
User_1,2024-01-17 06:15:36.742938988,2024-01-17 13:54:08.658477771,7.641944444444444
User_1,2024-01-18 09:51:45.101276273,2024-01-18 16:31:16.714448807,6.658611111111111
User_1,2024-01-19 07:13:06.438276096,2024-01-19 08:54:07.775549056,1.6836111111111112
User_1,2024-01-20 08:44:12.955581775,2024-01-20 12:49:04.798424012,4.0808333333333335
User_1,2024-01-21 06:29:17.350581764,2024-01-21 10:57:15.808716568,4.466111111111111
User_1,2024-01-22 06:08:15.194704059,2024-01-22 13:30:10.068836444,7.365
User_1,2024-01-23 07:02:06.431735040,2024-01-23 12:40:21.993300760,5.6375
User_1,2024-01-24 07:14:48.639495687,2024-01-24 11:53:14.353629367,4.6402777777777775
User_1,2024-01-25 08:11:12.628022543,2024-01-25 10:28:50.960301786,2.293888888888889
User_1,2024-01-26 09:52:42.018639809,2024-01-26 16:18:15.365788509,6.425833333333333
User_1,2024-01-27 09:45:28.784758524,2024-01-27 17:01:18.433989300,7.2636111111111115
User_1,2024-01-28 08:23:29.759694879,2024-01-28 15:50:40.990417461,7.453055555555555
User_1,2024-01-29 06:21:14.292029547,2024-01-29 08:43:33.060162509,2.3716666666666666
User_1,2024-01-30 06:10:51.272960311,2024-01-30 09:27:29.597295545,3.277222222222222
User_2,2024-01-01 07:33:16.952971528,2024-01-01 10:27:14.948572230,2.8991666666666664
User_2,2024-01-02 09:18:53.820131787,2024-01-02 12:48:44.003964465,3.4972222222222222
User_2,2024-01-03 07:07:25.456939498,2024-01-03 11:55:21.398235085,4.798611111111111
User_2,2024-01-04 06:33:49.308839636,2024-01-04 13:10:44.672754637,6.615277777777778
User_2,2024-01-05 06:17:53.529268988,2024-01-05 14:12:23.080071321,7.908055555555555
User_2,2024-01-06 09:05:20.324677871,2024-01-06 11:28:47.959852532,2.390833333333333
User_2,2024-01-07 06:01:19.518486579,2024-01-07 12:43:49.146483640,6.708055555555555
User_2,2024-01-08 08:49:38.745751405,2024-01-08 14:55:49.726386037,6.102777777777778
User_2,2024-01-09 09:05:06.292992277,2024-01-09 10:36:12.218215976,1.5180555555555555
User_2,2024-01-10 07:26:01.906491037,2024-01-10 09:14:41.806791070,1.8108333333333333
User_2,2024-01-11 09:27:08.689332608,2024-01-11 14:48:55.802128662,5.3630555555555555
User_2,2024-01-12 07:19:24.931557878,2024-01-12 08:46:06.601985085,1.4447222222222222
User_2,2024-01-13 07:14:38.145432705,2024-01-13 10:31:12.765147779,3.276111111111111
User_2,2024-01-14 08:55:06.328968068,2024-01-14 14:22:52.777246219,5.462777777777778
User_2,2024-01-15 09:32:55.863493099,2024-01-15 13:51:15.679607180,4.3052777777777775
User_2,2024-01-16 06:28:42.157141511,2024-01-16 12:28:15.925779530,5.9925
User_2,2024-01-17 09:02:35.304700083,2024-01-17 13:58:19.490078834,4.928888888888889
User_2,2024-01-18 09:05:01.927391345,2024-01-18 13:32:25.576419727,4.456388888888889
User_2,2024-01-19 08:05:27.352743100,2024-01-19 12:05:01.386405735,3.992777777777778
User_2,2024-01-20 06:06:06.035425114,2024-01-20 07:51:24.899385345,1.755
User_2,2024-01-21 06:07:32.580273888,2024-01-21 11:34:50.122637735,5.454722222222222
User_2,2024-01-22 07:15:26.726127499,2024-01-22 11:49:02.707544849,4.559722222222222
User_2,2024-01-23 09:37:48.957224535,2024-01-23 12:22:31.121399086,2.745
User_2,2024-01-24 07:38:29.514091713,2024-01-24 13:55:49.402782997,6.288611111111111
User_2,2024-01-25 06:54:54.693583079,2024-01-25 08:27:14.587310764,1.5386111111111112
User_2,2024-01-26 07:09:32.420921958,2024-01-26 09:17:15.197360758,2.1283333333333334
User_2,2024-01-27 09:43:07.646193733,2024-01-27 16:22:32.279758756,6.656666666666666
User_2,2024-01-28 08:32:01.014093750,2024-01-28 15:38:01.820966480,7.1
User_2,2024-01-29 09:12:52.877907347,2024-01-29 11:31:14.443391275,2.305833333333333
User_2,2024-01-30 09:34:12.849578255,2024-01-30 14:20:44.274074529,4.775277777777778
User_3,2024-01-01 09:13:47.138234362,2024-01-01 16:30:08.638992434,7.2725
User_3,2024-01-02 07:16:19.250039594,2024-01-02 09:02:32.558537691,1.7702777777777778
User_3,2024-01-03 06:54:42.266340603,2024-01-03 10:54:05.382613984,3.9897222222222224
User_3,2024-01-04 09:16:19.412629283,2024-01-04 16:17:49.823327342,7.025
User_3,2024-01-05 06:01:40.110679649,2024-01-05 10:36:10.942704603,4.575
User_3,2024-01-06 07:40:10.718445342,2024-01-06 10:13:27.835269204,2.5547222222222223
User_3,2024-01-07 06:28:46.061289605,2024-01-07 09:50:33.963608976,3.3630555555555555
User_3,2024-01-08 09:46:17.899736340,2024-01-08 13:02:02.613623263,3.2622222222222224
User_3,2024-01-09 08:04:30.584953104,2024-01-09 13:59:46.662717262,5.921111111111111
User_3,2024-01-10 07:27:16.266274261,2024-01-10 15:15:25.174758829,7.802222222222222
User_3,2024-01-11 09:50:59.241047166,2024-01-11 12:36:44.154901965,2.7622222222222224
User_3,2024-01-12 07:59:20.378484850,2024-01-12 11:05:42.511892232,3.1061111111111113
User_3,2024-01-13 07:08:21.703119035,2024-01-13 08:23:51.254192369,1.2580555555555555
User_3,2024-01-14 08:26:17.726409310,2024-01-14 12:57:25.237794677,4.518611111111111
User_3,2024-01-15 06:12:21.294017999,2024-01-15 09:09:23.184916761,2.950277777777778
User_3,2024-01-16 09:37:59.028757919,2024-01-16 12:18:35.988402726,2.6766666666666667
User_3,2024-01-17 06:34:46.486158113,2024-01-17 11:00:20.695717107,4.426111111111111
User_3,2024-01-18 09:56:33.366539192,2024-01-18 12:38:13.159381281,2.694166666666667
User_3,2024-01-19 08:41:18.751882644,2024-01-19 15:01:11.566188927,6.331111111111111
User_3,2024-01-20 06:57:01.980633490,2024-01-20 13:02:53.032618508,6.0975
User_3,2024-01-21 07:28:16.077111157,2024-01-21 12:53:50.184042115,5.426111111111111
User_3,2024-01-22 08:32:02.827834956,2024-01-22 13:17:04.349873639,4.750277777777778
User_3,2024-01-23 06:21:40.172688783,2024-01-23 13:12:29.795577631,6.8469444444444445
User_3,2024-01-24 07:16:59.232935592,2024-01-24 09:35:19.499397668,2.3055555555555554
User_3,2024-01-25 06:09:47.162038388,2024-01-25 11:17:57.664206731,5.136111111111111
User_3,2024-01-26 08:42:36.926810528,2024-01-26 09:49:34.940099509,1.116111111111111
User_3,2024-01-27 08:02:54.140039509,2024-01-27 10:38:01.833574497,2.585277777777778
User_3,2024-01-28 08:34:50.488181896,2024-01-28 10:48:04.522192821,2.2205555555555554
User_3,2024-01-29 08:45:49.503428675,2024-01-29 12:28:15.234155448,3.7069444444444444
User_3,2024-01-30 09:44:48.911837808,2024-01-30 11:42:34.439630287,1.9625
User_4,2024-01-01 07:21:51.355455123,2024-01-01 09:09:30.888190385,1.7941666666666667
User_4,2024-01-02 09:41:55.588103211,2024-01-02 16:50:24.539808411,7.141111111111111
User_4,2024-01-03 07:01:54.359439098,2024-01-03 12:39:05.957399159,5.619722222222222
User_4,2024-01-04 09:16:07.999682897,2024-01-04 14:09:19.060135203,4.886388888888889
User_4,2024-01-05 08:07:06.968328326,2024-01-05 10:48:41.646059017,2.6927777777777777
User_4,2024-01-06 06:22:20.679856404,2024-01-06 13:39:10.516956827,7.280277777777778
User_4,2024-01-07 09:36:06.020023151,2024-01-07 15:02:00.176746437,5.431666666666667
User_4,2024-01-08 07:21:22.028991101,2024-01-08 10:48:02.110271340,3.4444444444444446
User_4,2024-01-09 08:54:13.761775731,2024-01-09 16:11:00.940326535,7.279722222222222
User_4,2024-01-10 09:32:54.044509417,2024-01-10 16:00:26.908265029,6.458888888888889
User_4,2024-01-11 08:34:05.255704621,2024-01-11 10:09:25.582822496,1.5888888888888888
User_4,2024-01-12 06:38:47.453482962,2024-01-12 13:56:11.019033844,7.289722222222222
User_4,2024-01-13 08:25:32.578459098,2024-01-13 09:29:24.344159837,1.0641666666666667
User_4,2024-01-14 06:24:21.190217270,2024-01-14 12:03:01.434798793,5.644444444444445
User_4,2024-01-15 06:01:12.886807385,2024-01-15 08:08:45.249703105,2.1255555555555556
User_4,2024-01-16 08:11:41.766566878,2024-01-16 14:02:17.525548733,5.843055555555556
User_4,2024-01-17 08:36:28.242136837,2024-01-17 11:10:39.828735243,2.569722222222222
User_4,2024-01-18 08:50:55.380787404,2024-01-18 11:30:34.057792323,2.6605555555555553
User_4,2024-01-19 07:18:05.755653493,2024-01-19 13:31:37.339062467,6.2252777777777775
User_4,2024-01-20 08:35:54.713746279,2024-01-20 15:32:35.143690732,6.944444444444445
User_4,2024-01-21 08:37:49.625649124,2024-01-21 13:36:31.002453177,4.978055555555556
User_4,2024-01-22 06:22:28.916656724,2024-01-22 09:56:55.354893821,3.573888888888889
User_4,2024-01-23 07:03:38.914094616,2024-01-23 09:46:07.453107768,2.707777777777778
User_4,2024-01-24 09:53:31.351988435,2024-01-24 13:38:37.414650037,3.7516666666666665
User_4,2024-01-25 09:34:05.470394550,2024-01-25 14:59:10.163769681,5.417777777777777
User_4,2024-01-26 09:10:45.282770999,2024-01-26 13:41:51.737517249,4.5183333333333335
User_4,2024-01-27 08:18:27.415938619,2024-01-27 12:45:18.861822854,4.4475
User_4,2024-01-28 06:46:51.499024291,2024-01-28 12:50:17.292328880,6.0569444444444445
User_4,2024-01-29 07:07:23.122019148,2024-01-29 08:17:35.884373220,1.17
User_4,2024-01-30 08:34:54.801061063,2024-01-30 10:49:17.990182120,2.2397222222222224
User_5,2024-01-01 09:45:42.603614681,2024-01-01 17:26:21.603755146,7.6775
User_5,2024-01-02 09:39:34.047219174,2024-01-02 13:15:02.046465611,3.5908333333333333
User_5,2024-01-03 06:03:42.575278015,2024-01-03 13:33:36.203055225,7.498055555555555
User_5,2024-01-04 07:42:45.851735769,2024-01-04 15:28:45.553175669,7.766388888888889
User_5,2024-01-05 09:51:16.127670085,2024-01-05 16:49:31.965947862,6.970833333333333
User_5,2024-01-06 07:10:40.064045802,2024-01-06 10:52:24.526806570,3.6955555555555555
User_5,2024-01-07 09:24:16.368069842,2024-01-07 12:37:22.802599780,3.2183333333333333
User_5,2024-01-08 06:40:40.695552279,2024-01-08 11:34:32.087366229,4.8975
User_5,2024-01-09 09:44:40.628747915,2024-01-09 15:37:00.579624124,5.871944444444445
User_5,2024-01-10 08:16:48.880849286,2024-01-10 09:57:37.728492309,1.68
User_5,2024-01-11 08:27:36.104064468,2024-01-11 16:23:25.461087095,7.9302777777777775
User_5,2024-01-12 06:33:37.209819405,2024-01-12 11:11:19.117058971,4.628055555555555
User_5,2024-01-13 09:30:34.172235762,2024-01-13 15:41:41.541403167,6.185277777777777
User_5,2024-01-14 08:47:17.026670331,2024-01-14 14:42:19.625586806,5.917222222222223
User_5,2024-01-15 07:26:16.672577564,2024-01-15 10:29:35.187053029,3.055
User_5,2024-01-16 09:14:14.800638890,2024-01-16 15:54:29.658184805,6.670555555555556
User_5,2024-01-17 09:28:05.841387553,2024-01-17 16:51:39.503311976,7.3925
User_5,2024-01-18 08:02:43.330543597,2024-01-18 12:33:21.541169714,4.510555555555555
User_5,2024-01-19 09:11:35.450577121,2024-01-19 14:44:34.541632720,5.549722222222222
User_5,2024-01-20 08:48:28.323032510,2024-01-20 15:22:42.298302299,6.570277777777778
User_5,2024-01-21 09:33:36.076922172,2024-01-21 12:55:33.554874830,3.3658333333333332
User_5,2024-01-22 07:30:08.394518015,2024-01-22 09:09:36.739402004,1.6577777777777778
User_5,2024-01-23 08:18:47.234030344,2024-01-23 09:33:52.979330021,1.2513888888888889
User_5,2024-01-24 07:51:44.611461107,2024-01-24 12:39:39.256255737,4.798333333333333
User_5,2024-01-25 07:08:46.194030647,2024-01-25 12:16:55.192196986,5.135555555555555
User_5,2024-01-26 06:07:19.203599122,2024-01-26 07:23:00.377955602,1.261388888888889
User_5,2024-01-27 09:17:25.448073499,2024-01-27 12:48:42.252237062,3.5211111111111113
User_5,2024-01-28 06:30:29.671382187,2024-01-28 11:09:50.201535568,4.655555555555556
User_5,2024-01-29 09:04:47.907164619,2024-01-29 11:35:26.597057539,2.5105555555555554
User_5,2024-01-30 08:29:29.622851793,2024-01-30 10:05:20.378969635,1.5972222222222223
User_6,2024-01-01 06:12:24.216784827,2024-01-01 10:55:34.353500344,4.719444444444444
User_6,2024-01-02 08:09:45.145751185,2024-01-02 13:37:28.379268939,5.461944444444445
User_6,2024-01-03 08:54:15.715205606,2024-01-03 16:44:07.187608061,7.8308333333333335
User_6,2024-01-04 08:03:54.725015537,2024-01-04 11:19:33.228133656,3.2605555555555554
User_6,2024-01-05 09:10:50.681204669,2024-01-05 12:04:35.653936473,2.8955555555555557
User_6,2024-01-06 07:45:21.188458161,2024-01-06 09:18:18.289267986,1.5491666666666666
User_6,2024-01-07 06:06:05.050705182,2024-01-07 13:50:23.790755065,7.738333333333333
User_6,2024-01-08 09:20:38.113735375,2024-01-08 15:12:56.663728936,5.871666666666667
User_6,2024-01-09 07:38:08.922399565,2024-01-09 09:50:55.939265350,2.2130555555555556
User_6,2024-01-10 06:37:32.693414463,2024-01-10 09:22:38.814448210,2.7516666666666665
User_6,2024-01-11 08:11:48.863971768,2024-01-11 14:11:56.681223809,6.001944444444445
User_6,2024-01-12 08:38:26.842224735,2024-01-12 11:36:01.176427772,2.9594444444444443
User_6,2024-01-13 09:49:10.060041549,2024-01-13 15:59:05.062342282,6.165277777777778
User_6,2024-01-14 08:13:02.698356164,2024-01-14 13:29:58.061161269,5.281944444444444
User_6,2024-01-15 07:40:42.240898960,2024-01-15 10:24:45.061834389,2.733888888888889
User_6,2024-01-16 07:25:26.006572578,2024-01-16 13:43:43.728556280,6.304722222222222
User_6,2024-01-17 06:03:27.266236268,2024-01-17 07:52:12.296777042,1.8125
User_6,2024-01-18 06:11:02.438045113,2024-01-18 07:28:08.803863551,1.285
User_6,2024-01-19 09:25:18.632409758,2024-01-19 15:20:50.810466134,5.9255555555555555
User_6,2024-01-20 07:53:48.103138857,2024-01-20 09:34:53.523987262,1.6847222222222222
User_6,2024-01-21 07:57:59.268601682,2024-01-21 12:16:50.757225352,4.314166666666667
User_6,2024-01-22 06:41:34.106926704,2024-01-22 10:43:47.168487500,4.036944444444444
User_6,2024-01-23 07:35:38.468175322,2024-01-23 12:54:17.890646237,5.310833333333333
User_6,2024-01-24 08:32:25.348572494,2024-01-24 09:51:27.009618749,1.3169444444444445
User_6,2024-01-25 07:29:54.421650621,2024-01-25 12:52:46.091526619,5.380833333333333
User_6,2024-01-26 08:00:45.162123553,2024-01-26 15:00:28.706121498,6.995277777777778
User_6,2024-01-27 08:38:05.188295312,2024-01-27 10:46:31.135857764,2.140277777777778
User_6,2024-01-28 06:16:56.189962566,2024-01-28 11:46:45.155773365,5.496666666666667
User_6,2024-01-29 06:06:21.762871799,2024-01-29 11:12:23.307519890,5.1002777777777775
User_6,2024-01-30 09:45:39.315476519,2024-01-30 14:47:21.264758991,5.0280555555555555
User_7,2024-01-01 07:33:09.646937373,2024-01-01 13:03:20.510042120,5.502777777777778
User_7,2024-01-02 07:49:58.841623077,2024-01-02 12:39:08.384713838,4.819166666666667
User_7,2024-01-03 09:45:57.093246381,2024-01-03 13:28:06.879718960,3.7025
User_7,2024-01-04 09:50:41.144119064,2024-01-04 17:10:55.980296356,7.3372222222222225
User_7,2024-01-05 06:46:59.392340965,2024-01-05 08:16:07.297123019,1.4852777777777777
User_7,2024-01-06 06:24:11.203219834,2024-01-06 07:31:50.393226253,1.1275
User_7,2024-01-07 06:22:39.978634885,2024-01-07 12:09:31.749324977,5.780833333333334
User_7,2024-01-08 06:17:05.116537827,2024-01-08 09:31:03.302421229,3.2327777777777778
User_7,2024-01-09 09:22:46.204477960,2024-01-09 10:32:32.657258502,1.1627777777777777
User_7,2024-01-10 09:15:28.346149280,2024-01-10 12:13:51.086473569,2.972777777777778
User_7,2024-01-11 06:28:21.573517751,2024-01-11 12:20:59.350084927,5.876944444444445
User_7,2024-01-12 08:30:56.776993630,2024-01-12 15:39:29.071734511,7.142222222222222
User_7,2024-01-13 08:56:25.023030775,2024-01-13 15:33:52.742476473,6.6241666666666665
User_7,2024-01-14 07:07:41.297845026,2024-01-14 09:22:12.774348275,2.2419444444444445
User_7,2024-01-15 09:00:08.852423628,2024-01-15 15:39:01.087853163,6.647777777777778
User_7,2024-01-16 09:57:43.274044809,2024-01-16 13:51:01.239502976,3.8880555555555554
User_7,2024-01-17 07:29:17.060435416,2024-01-17 13:55:22.667046114,6.434722222222222
User_7,2024-01-18 07:21:47.570979643,2024-01-18 14:52:42.655584852,7.5152777777777775
User_7,2024-01-19 09:26:01.143626539,2024-01-19 13:26:11.793116389,4.002777777777778
User_7,2024-01-20 09:00:12.543376197,2024-01-20 15:17:07.023803130,6.281666666666666
User_7,2024-01-21 06:24:44.983711237,2024-01-21 13:43:49.316959562,7.317777777777778
User_7,2024-01-22 08:01:15.634163249,2024-01-22 14:48:22.362309164,6.785
User_7,2024-01-23 07:16:48.714254840,2024-01-23 14:32:55.899612944,7.268611111111111
User_7,2024-01-24 07:33:24.504173771,2024-01-24 08:37:57.612991074,1.0758333333333334
User_7,2024-01-25 09:37:17.500460437,2024-01-25 11:15:37.924715447,1.6388888888888888
User_7,2024-01-26 07:16:38.116381301,2024-01-26 14:55:39.677950981,7.650277777777778
User_7,2024-01-27 09:48:08.742915900,2024-01-27 14:48:59.377696606,5.013888888888889
User_7,2024-01-28 08:31:38.455855245,2024-01-28 12:39:59.283009098,4.138888888888889
User_7,2024-01-29 07:10:22.235112452,2024-01-29 10:28:24.581655773,3.3005555555555555
User_7,2024-01-30 08:41:24.265767509,2024-01-30 14:57:24.103909338,6.266388888888889
User_8,2024-01-01 09:09:58.738229652,2024-01-01 15:41:37.115428074,6.527222222222222
User_8,2024-01-02 06:21:53.367883901,2024-01-02 10:49:32.759562406,4.460833333333333
User_8,2024-01-03 06:13:48.846144239,2024-01-03 11:04:36.973978797,4.846666666666667
User_8,2024-01-04 07:45:58.039219776,2024-01-04 14:58:48.184625285,7.213888888888889
User_8,2024-01-05 07:24:13.176180749,2024-01-05 09:13:23.264994724,1.8194444444444444
User_8,2024-01-06 06:34:19.080221560,2024-01-06 12:54:09.148140840,6.330555555555556
User_8,2024-01-07 08:28:22.340111754,2024-01-07 10:10:50.631550048,1.7077777777777778
User_8,2024-01-08 06:20:11.138008055,2024-01-08 12:14:35.560120824,5.906666666666666
User_8,2024-01-09 06:17:27.787291644,2024-01-09 13:02:38.660785760,6.752777777777778
User_8,2024-01-10 08:49:29.888071053,2024-01-10 10:23:39.877343228,1.5691666666666666
User_8,2024-01-11 06:20:21.663082826,2024-01-11 14:14:44.980461055,7.9063888888888885
User_8,2024-01-12 07:29:49.499458888,2024-01-12 11:05:29.681564973,3.5944444444444446
User_8,2024-01-13 09:15:04.313768508,2024-01-13 16:52:54.977918581,7.6305555555555555
User_8,2024-01-14 09:56:38.415319049,2024-01-14 16:13:03.545587574,6.273611111111111
User_8,2024-01-15 07:30:18.138031645,2024-01-15 09:05:22.356092451,1.5844444444444445
User_8,2024-01-16 09:06:30.915589355,2024-01-16 14:01:02.702682697,4.908611111111111
User_8,2024-01-17 07:41:48.796933156,2024-01-17 15:02:28.927437543,7.344444444444444
User_8,2024-01-18 06:26:41.243745208,2024-01-18 10:53:35.396373337,4.448333333333333
User_8,2024-01-19 06:02:43.492484650,2024-01-19 10:19:33.740662901,4.280555555555556
User_8,2024-01-20 06:13:30.767169818,2024-01-20 08:03:24.978659773,1.8316666666666668
User_8,2024-01-21 06:28:12.377953590,2024-01-21 12:00:52.477566914,5.544444444444444
User_8,2024-01-22 08:59:03.046261422,2024-01-22 14:04:03.939141870,5.083333333333333
User_8,2024-01-23 09:50:55.284698033,2024-01-23 13:28:22.023302030,3.6238888888888887
User_8,2024-01-24 07:08:34.254042458,2024-01-24 14:13:22.952072832,7.08
User_8,2024-01-25 06:53:39.780074680,2024-01-25 14:38:12.988068583,7.7425
User_8,2024-01-26 06:02:55.024435533,2024-01-26 13:50:15.970868565,7.788888888888889
User_8,2024-01-27 06:10:21.502732088,2024-01-27 13:24:38.309197279,7.237777777777778
User_8,2024-01-28 08:06:38.895970842,2024-01-28 16:03:41.608833048,7.950555555555556
User_8,2024-01-29 06:17:42.670532189,2024-01-29 11:10:19.798499102,4.876944444444445
User_8,2024-01-30 09:52:37.956512915,2024-01-30 14:32:20.022186002,4.661666666666667
User_9,2024-01-01 08:31:03.340389147,2024-01-01 14:23:16.207351559,5.87
User_9,2024-01-02 07:49:05.391332655,2024-01-02 13:12:39.854950773,5.392777777777778
User_9,2024-01-03 08:20:14.126091692,2024-01-03 15:38:43.307956064,7.308055555555556
User_9,2024-01-04 06:10:54.427876916,2024-01-04 09:08:54.700254640,2.966666666666667
User_9,2024-01-05 09:48:05.925370702,2024-01-05 17:02:00.572724753,7.2316666666666665
User_9,2024-01-06 07:49:21.457240114,2024-01-06 13:09:48.798704712,5.340833333333333
User_9,2024-01-07 07:06:34.289034928,2024-01-07 09:25:34.942259966,2.316666666666667
User_9,2024-01-08 07:51:17.257031135,2024-01-08 11:19:41.733177391,3.473333333333333
User_9,2024-01-09 08:20:04.648010652,2024-01-09 09:52:43.560862169,1.5438888888888889
User_9,2024-01-10 09:53:51.285230392,2024-01-10 17:48:03.795991277,7.903333333333333
User_9,2024-01-11 08:47:33.528681884,2024-01-11 13:32:43.157113755,4.7525
User_9,2024-01-12 07:14:17.197674523,2024-01-12 13:56:04.832171138,6.6963888888888885
User_9,2024-01-13 08:44:20.128884775,2024-01-13 10:52:38.075756266,2.1380555555555554
User_9,2024-01-14 09:38:37.351456711,2024-01-14 16:24:05.289978374,6.7575
User_9,2024-01-15 09:47:57.118751403,2024-01-15 15:52:45.250362789,6.08
User_9,2024-01-16 08:27:13.178821475,2024-01-16 12:22:52.903335998,3.9275
User_9,2024-01-17 09:43:51.290160297,2024-01-17 16:47:36.100175707,7.062222222222222
User_9,2024-01-18 06:10:51.148849529,2024-01-18 07:21:55.596606859,1.1844444444444444
User_9,2024-01-19 07:30:21.072483043,2024-01-19 14:10:47.016418745,6.673611111111111
User_9,2024-01-20 09:56:56.776262135,2024-01-20 12:00:07.281917943,2.0527777777777776
User_9,2024-01-21 08:22:35.482301070,2024-01-21 12:02:33.931888171,3.6661111111111113
User_9,2024-01-22 09:52:46.767328530,2024-01-22 16:46:28.164191549,6.894722222222223
User_9,2024-01-23 09:21:11.933347840,2024-01-23 13:38:03.000974673,4.280833333333334
User_9,2024-01-24 07:39:33.400833662,2024-01-24 10:34:23.259046315,2.913611111111111
User_9,2024-01-25 06:13:31.807151773,2024-01-25 13:16:42.811033400,7.053055555555556
User_9,2024-01-26 09:15:05.774531473,2024-01-26 17:14:58.659898283,7.997777777777777
User_9,2024-01-27 09:59:11.570453864,2024-01-27 14:52:28.449435050,4.887777777777778
User_9,2024-01-28 09:04:33.418778599,2024-01-28 16:41:21.515171636,7.613333333333333
User_9,2024-01-29 09:23:54.922425754,2024-01-29 12:07:48.094589682,2.731388888888889
User_9,2024-01-30 07:48:07.835548465,2024-01-30 09:42:22.652810282,1.903888888888889
User_10,2024-01-01 09:48:58.334792525,2024-01-01 15:03:33.935580687,5.243055555555555
User_10,2024-01-02 06:54:52.456399249,2024-01-02 12:36:59.313646276,5.701666666666667
User_10,2024-01-03 08:28:21.046662593,2024-01-03 11:58:46.747157020,3.5069444444444446
User_10,2024-01-04 06:27:15.229327674,2024-01-04 12:09:18.873856612,5.700833333333334
User_10,2024-01-05 08:04:52.430893014,2024-01-05 14:29:14.854364752,6.4061111111111115
User_10,2024-01-06 08:04:50.354416012,2024-01-06 15:02:45.328224039,6.965
User_10,2024-01-07 08:12:27.458478352,2024-01-07 13:08:03.095361043,4.926388888888889
User_10,2024-01-08 09:30:23.811878280,2024-01-08 13:19:51.580106832,3.8241666666666667
User_10,2024-01-09 06:32:09.819289689,2024-01-09 07:44:15.142732785,1.2013888888888888
User_10,2024-01-10 09:01:13.976481700,2024-01-10 14:21:45.777175807,5.341944444444445
User_10,2024-01-11 08:48:58.748660628,2024-01-11 11:18:25.445530652,2.4905555555555554
User_10,2024-01-12 06:32:43.749248449,2024-01-12 07:38:50.274823279,1.1016666666666666
User_10,2024-01-13 07:24:08.460846814,2024-01-13 12:31:54.386555550,5.129166666666666
User_10,2024-01-14 07:34:08.314249436,2024-01-14 11:37:52.682284433,4.062222222222222
User_10,2024-01-15 09:36:59.885200709,2024-01-15 13:03:15.922969696,3.437777777777778
User_10,2024-01-16 08:03:21.448643901,2024-01-16 14:32:29.504564977,6.485555555555556
User_10,2024-01-17 07:35:10.216065426,2024-01-17 12:56:26.800911168,5.354444444444445
User_10,2024-01-18 09:26:58.037405953,2024-01-18 17:05:45.957122125,7.646388888888889
User_10,2024-01-19 06:35:17.858125378,2024-01-19 14:04:27.866279447,7.486111111111111
User_10,2024-01-20 07:58:06.474620345,2024-01-20 10:46:34.233205478,2.8075
User_10,2024-01-21 07:50:11.554889830,2024-01-21 15:41:48.375787024,7.86
User_10,2024-01-22 07:58:13.700553497,2024-01-22 11:16:18.241132742,3.301111111111111
User_10,2024-01-23 08:32:00.972302160,2024-01-23 11:12:52.641895370,2.680833333333333
User_10,2024-01-24 06:18:12.431924764,2024-01-24 08:12:20.200916912,1.9019444444444444
User_10,2024-01-25 06:30:43.860080991,2024-01-25 08:34:31.807957500,2.0630555555555556
User_10,2024-01-26 06:33:19.111286151,2024-01-26 12:02:29.154855192,5.486111111111111
User_10,2024-01-27 06:43:39.073215347,2024-01-27 10:08:49.888755108,3.4194444444444443
User_10,2024-01-28 09:35:13.753102646,2024-01-28 13:54:17.586437270,4.3175
User_10,2024-01-29 08:40:12.831434702,2024-01-29 10:52:35.292188983,2.206111111111111
User_10,2024-01-30 06:46:08.961870844,2024-01-30 08:03:18.851000759,1.2858333333333334
User_11,2024-01-01 06:40:32.664908239,2024-01-01 09:37:33.141451844,2.95
User_11,2024-01-02 06:42:28.950973585,2024-01-02 08:19:44.254824262,1.6208333333333333
User_11,2024-01-03 06:28:57.156543848,2024-01-03 10:42:28.781498272,4.2252777777777775
User_11,2024-01-04 06:49:31.205545043,2024-01-04 10:22:30.806043454,3.549722222222222
User_11,2024-01-05 08:00:49.208700309,2024-01-05 13:50:47.158381769,5.8325
User_11,2024-01-06 06:09:26.094813711,2024-01-06 12:45:11.236866218,6.595833333333333
User_11,2024-01-07 08:30:41.765608669,2024-01-07 10:05:02.093213780,1.5722222222222222
User_11,2024-01-08 09:29:39.532187137,2024-01-08 16:56:25.516680538,7.445833333333334
User_11,2024-01-09 06:14:39.522621910,2024-01-09 09:10:56.839355219,2.9380555555555556
User_11,2024-01-10 09:13:29.298429020,2024-01-10 15:27:45.442626688,6.237777777777778
User_11,2024-01-11 06:44:17.102678731,2024-01-11 09:12:12.705626816,2.4652777777777777
User_11,2024-01-12 07:28:54.798280195,2024-01-12 11:52:24.777507008,4.391388888888889
User_11,2024-01-13 08:28:22.868710036,2024-01-13 12:03:19.492427194,3.582222222222222
User_11,2024-01-14 07:51:00.499912317,2024-01-14 14:04:56.767553287,6.232222222222222
User_11,2024-01-15 06:08:48.238121624,2024-01-15 08:54:49.649119093,2.7669444444444444
User_11,2024-01-16 08:51:12.234036737,2024-01-16 16:07:11.446346454,7.266388888888889
User_11,2024-01-17 08:02:48.155166465,2024-01-17 12:46:17.414995150,4.724722222222222
User_11,2024-01-18 06:25:43.276963292,2024-01-18 10:33:38.068607243,4.131666666666667
User_11,2024-01-19 08:07:49.688636952,2024-01-19 10:49:39.945328547,2.6972222222222224
User_11,2024-01-20 07:04:37.102525671,2024-01-20 10:43:04.663435907,3.640833333333333
User_11,2024-01-21 06:04:49.025247999,2024-01-21 09:20:05.420220695,3.2544444444444443
User_11,2024-01-22 06:50:44.851300750,2024-01-22 10:08:17.784575633,3.292222222222222
User_11,2024-01-23 06:28:44.574698197,2024-01-23 13:42:45.862172842,7.233611111111111
User_11,2024-01-24 08:22:27.731331178,2024-01-24 14:07:41.109773619,5.753611111111111
User_11,2024-01-25 09:09:24.065835945,2024-01-25 13:38:44.809248957,4.488888888888889
User_11,2024-01-26 06:20:51.652148458,2024-01-26 11:06:26.737002285,4.759722222222222
User_11,2024-01-27 08:20:50.512099500,2024-01-27 14:33:55.586848945,6.218055555555556
User_11,2024-01-28 07:43:35.897465707,2024-01-28 09:37:10.921096155,1.8930555555555555
User_11,2024-01-29 07:08:06.373043501,2024-01-29 10:40:36.046912746,3.5413888888888887
User_11,2024-01-30 08:35:01.208275175,2024-01-30 13:34:44.821552831,4.995277777777778
User_12,2024-01-01 07:25:27.792852928,2024-01-01 15:19:47.977122511,7.905555555555556
User_12,2024-01-02 08:25:23.157398739,2024-01-02 11:05:01.272550486,2.6605555555555553
User_12,2024-01-03 06:24:25.667605733,2024-01-03 08:28:37.717913178,2.07
User_12,2024-01-04 06:59:01.791288736,2024-01-04 09:06:30.961894876,2.124722222222222
User_12,2024-01-05 06:44:46.565146338,2024-01-05 09:44:30.963397422,2.9955555555555557
User_12,2024-01-06 06:41:36.579772244,2024-01-06 13:58:15.068472829,7.277222222222222
User_12,2024-01-07 06:19:15.365937527,2024-01-07 10:59:33.052954697,4.671388888888889
User_12,2024-01-08 07:38:29.714308651,2024-01-08 15:31:05.655454747,7.876388888888889
User_12,2024-01-09 06:26:53.360191219,2024-01-09 10:13:59.321287171,3.7847222222222223
User_12,2024-01-10 09:52:40.374239165,2024-01-10 16:56:11.153811693,7.058333333333334
User_12,2024-01-11 09:16:05.837821669,2024-01-11 12:04:24.989063201,2.805277777777778
User_12,2024-01-12 06:41:00.781258416,2024-01-12 12:21:50.590400511,5.6802777777777775
User_12,2024-01-13 09:43:03.014243437,2024-01-13 14:36:53.439147388,4.897222222222222
User_12,2024-01-14 08:17:11.222728366,2024-01-14 11:14:46.695888605,2.959722222222222
User_12,2024-01-15 09:04:40.698237963,2024-01-15 11:23:14.200701612,2.3091666666666666
User_12,2024-01-16 07:17:40.981004221,2024-01-16 11:16:21.979257354,3.977777777777778
User_12,2024-01-17 08:01:49.589453056,2024-01-17 10:43:38.314709916,2.6966666666666668
User_12,2024-01-18 06:27:33.650276244,2024-01-18 11:44:01.275345773,5.274166666666667
User_12,2024-01-19 07:09:16.279966659,2024-01-19 12:13:23.483146508,5.068611111111111
User_12,2024-01-20 06:37:02.823099948,2024-01-20 10:59:07.553666689,4.3677777777777775
User_12,2024-01-21 08:07:49.287828742,2024-01-21 09:29:35.240956667,1.3625
User_12,2024-01-22 07:20:47.101605992,2024-01-22 09:17:14.351464854,1.9408333333333334
User_12,2024-01-23 06:15:12.599574807,2024-01-23 14:10:59.597431033,7.929444444444444
User_12,2024-01-24 07:17:21.895367636,2024-01-24 13:57:30.731403172,6.668888888888889
User_12,2024-01-25 07:01:06.825428598,2024-01-25 12:47:20.694028641,5.770277777777777
User_12,2024-01-26 09:02:27.281182411,2024-01-26 14:12:37.377445728,5.169444444444444
User_12,2024-01-27 07:53:10.697115122,2024-01-27 11:46:09.088151633,3.8827777777777777
User_12,2024-01-28 07:23:43.703038219,2024-01-28 14:54:07.837473264,7.506666666666667
User_12,2024-01-29 09:19:20.919472143,2024-01-29 17:04:39.597620939,7.755
User_12,2024-01-30 06:29:49.880018191,2024-01-30 12:36:47.740393322,6.115833333333334
User_13,2024-01-01 09:45:12.102578222,2024-01-01 12:01:19.175845596,2.268611111111111
User_13,2024-01-02 06:15:57.546250081,2024-01-02 12:27:13.786612190,6.187777777777778
User_13,2024-01-03 08:17:52.412829790,2024-01-03 15:11:26.498004098,6.892777777777778
User_13,2024-01-04 06:33:32.722223418,2024-01-04 13:07:33.458482287,6.566666666666666
User_13,2024-01-05 06:48:23.433408687,2024-01-05 08:57:07.563168902,2.1455555555555557
User_13,2024-01-06 06:39:25.427490206,2024-01-06 13:21:32.710440036,6.701944444444444
User_13,2024-01-07 08:39:38.839978025,2024-01-07 13:19:20.088682206,4.661388888888889
User_13,2024-01-08 07:26:07.158971378,2024-01-08 14:34:32.612599868,7.1402777777777775
User_13,2024-01-09 07:34:11.209546885,2024-01-09 14:17:09.515421568,6.716111111111111
User_13,2024-01-10 07:45:23.542683411,2024-01-10 11:23:42.542304918,3.638333333333333
User_13,2024-01-11 07:51:02.588913642,2024-01-11 10:57:37.311342578,3.1094444444444442
User_13,2024-01-12 08:59:25.575074538,2024-01-12 13:30:34.128904868,4.518888888888889
User_13,2024-01-13 06:55:43.862810114,2024-01-13 14:13:33.142056633,7.296944444444445
User_13,2024-01-14 07:32:08.033587774,2024-01-14 12:20:25.565687846,4.804722222222222
User_13,2024-01-15 09:37:33.198397889,2024-01-15 14:59:43.995894921,5.3694444444444445
User_13,2024-01-16 06:28:03.331786200,2024-01-16 14:02:47.101301259,7.578611111111111
User_13,2024-01-17 08:30:38.995964228,2024-01-17 11:51:18.617453586,3.3441666666666667
User_13,2024-01-18 06:33:25.517846352,2024-01-18 13:06:54.952615963,6.558055555555556
User_13,2024-01-19 08:28:49.047685370,2024-01-19 13:12:52.267203173,4.734166666666667
User_13,2024-01-20 09:34:32.053195933,2024-01-20 16:05:44.702918791,6.52
User_13,2024-01-21 06:36:24.118268151,2024-01-21 09:47:19.514376598,3.1819444444444445
User_13,2024-01-22 06:59:38.243613328,2024-01-22 13:12:05.690186159,6.2075
User_13,2024-01-23 06:08:02.867060195,2024-01-23 11:07:24.087118952,4.989166666666667
User_13,2024-01-24 09:02:59.405074665,2024-01-24 16:11:13.899121061,7.137222222222222
User_13,2024-01-25 07:22:05.977181509,2024-01-25 14:07:01.661259243,6.748611111111111
User_13,2024-01-26 06:26:33.097012154,2024-01-26 13:22:03.694763863,6.925
User_13,2024-01-27 06:30:35.836737580,2024-01-27 10:17:27.476459701,3.7808333333333333
User_13,2024-01-28 09:11:21.053267225,2024-01-28 11:14:18.972436414,2.049166666666667
User_13,2024-01-29 06:55:01.220091350,2024-01-29 12:58:21.984814855,6.055555555555555
User_13,2024-01-30 08:52:48.526126263,2024-01-30 14:22:05.446474972,5.487777777777778
User_14,2024-01-01 08:46:32.857600326,2024-01-01 13:34:29.513572685,4.7988888888888885
User_14,2024-01-02 07:00:25.906448260,2024-01-02 10:25:37.445484558,3.419722222222222
User_14,2024-01-03 06:43:35.007121940,2024-01-03 14:05:07.961267547,7.358888888888889
User_14,2024-01-04 08:20:00.841844632,2024-01-04 12:08:22.297547075,3.805833333333333
User_14,2024-01-05 07:50:52.883572475,2024-01-05 15:28:44.423730692,7.630833333333333
User_14,2024-01-06 06:36:48.260204871,2024-01-06 11:43:01.251971694,5.1033333333333335
User_14,2024-01-07 08:01:24.796975936,2024-01-07 13:18:13.443708889,5.28
User_14,2024-01-08 06:04:20.786647020,2024-01-08 13:10:38.309152412,7.104722222222223
User_14,2024-01-09 09:43:42.503267764,2024-01-09 14:41:03.859494212,4.9558333333333335
User_14,2024-01-10 08:47:11.771863827,2024-01-10 16:14:38.756269494,7.457222222222223
User_14,2024-01-11 08:49:44.236334112,2024-01-11 10:53:48.220215551,2.0675
User_14,2024-01-12 08:18:18.552386402,2024-01-12 13:33:07.771555249,5.246944444444445
User_14,2024-01-13 07:41:47.481666754,2024-01-13 13:51:05.876404497,6.155
User_14,2024-01-14 09:44:14.885012673,2024-01-14 17:12:59.211537923,7.478888888888889
User_14,2024-01-15 07:48:12.086948219,2024-01-15 09:35:45.685703406,1.7925
User_14,2024-01-16 09:56:21.713265057,2024-01-16 16:48:41.945043494,6.872222222222222
User_14,2024-01-17 06:29:55.142609327,2024-01-17 13:56:40.358051284,7.445833333333334
User_14,2024-01-18 09:28:46.507613694,2024-01-18 14:06:41.226653271,4.631666666666667
User_14,2024-01-19 08:21:54.366274726,2024-01-19 12:09:29.234412253,3.792777777777778
User_14,2024-01-20 06:13:08.567599037,2024-01-20 09:33:55.538088513,3.346111111111111
User_14,2024-01-21 09:12:41.089659811,2024-01-21 10:14:37.816639526,1.0322222222222222
User_14,2024-01-22 07:20:02.388072352,2024-01-22 11:07:16.239150843,3.7869444444444444
User_14,2024-01-23 08:08:58.496682306,2024-01-23 15:35:18.858215907,7.438888888888889
User_14,2024-01-24 07:23:07.382318869,2024-01-24 10:48:50.603006653,3.428611111111111
User_14,2024-01-25 08:57:00.017972780,2024-01-25 13:06:55.910083203,4.165277777777778
User_14,2024-01-26 06:53:54.309450335,2024-01-26 11:03:55.785256878,4.166944444444445
User_14,2024-01-27 06:33:48.341093469,2024-01-27 08:47:53.293153425,2.2344444444444442
User_14,2024-01-28 07:59:36.495927448,2024-01-28 11:55:33.417254962,3.9322222222222223
User_14,2024-01-29 09:39:33.780975380,2024-01-29 13:11:46.107233119,3.5366666666666666
User_14,2024-01-30 08:19:20.472244003,2024-01-30 13:44:53.532299575,5.425833333333333
User_15,2024-01-01 06:03:08.560174872,2024-01-01 11:41:49.701949693,5.644722222222223
User_15,2024-01-02 06:42:43.717922924,2024-01-02 14:26:22.689923154,7.727222222222222
User_15,2024-01-03 06:35:40.743279644,2024-01-03 10:29:49.271197565,3.902222222222222
User_15,2024-01-04 06:20:29.035220332,2024-01-04 14:19:10.266366849,7.978055555555556
User_15,2024-01-05 08:00:31.608148769,2024-01-05 13:10:35.310585234,5.1675
User_15,2024-01-06 06:16:05.901274393,2024-01-06 12:31:04.905128452,6.249722222222222
User_15,2024-01-07 06:50:22.640540576,2024-01-07 14:07:33.608634481,7.286111111111111
User_15,2024-01-08 06:49:14.010822940,2024-01-08 09:09:19.341383664,2.334722222222222
User_15,2024-01-09 06:08:46.315217012,2024-01-09 10:27:02.402233783,4.304444444444444
User_15,2024-01-10 08:15:33.712318981,2024-01-10 09:43:09.570032575,1.4597222222222221
User_15,2024-01-11 09:06:07.597680408,2024-01-11 13:16:30.476316058,4.172777777777778
User_15,2024-01-12 08:05:51.219878317,2024-01-12 12:10:58.441101160,4.085277777777778
User_15,2024-01-13 07:36:10.988076604,2024-01-13 12:31:13.924425571,4.917222222222223
User_15,2024-01-14 06:37:15.459541402,2024-01-14 08:53:40.048429882,2.2733333333333334
User_15,2024-01-15 09:26:49.712942594,2024-01-15 17:04:11.822588361,7.622777777777777
User_15,2024-01-16 07:29:35.654154428,2024-01-16 10:23:18.419917645,2.895
User_15,2024-01-17 08:34:33.593422641,2024-01-17 12:26:13.694534313,3.861111111111111
User_15,2024-01-18 06:06:05.563521508,2024-01-18 08:11:40.608975135,2.0930555555555554
User_15,2024-01-19 08:51:50.000095402,2024-01-19 14:28:34.883431537,5.612222222222222
User_15,2024-01-20 06:06:30.182292050,2024-01-20 08:39:43.880772760,2.553611111111111
User_15,2024-01-21 06:55:27.477070868,2024-01-21 12:37:39.174209555,5.703055555555555
User_15,2024-01-22 06:04:43.831743662,2024-01-22 07:48:27.368009673,1.728611111111111
User_15,2024-01-23 09:11:58.791629373,2024-01-23 11:26:58.117113142,2.249722222222222
User_15,2024-01-24 08:36:39.543953066,2024-01-24 11:16:41.750035443,2.667222222222222
User_15,2024-01-25 06:23:51.956055734,2024-01-25 09:05:59.895268920,2.7019444444444445
User_15,2024-01-26 08:53:20.643818721,2024-01-26 15:52:44.194814999,6.989722222222222
User_15,2024-01-27 09:19:15.166049764,2024-01-27 13:06:04.190996149,3.7802777777777776
User_15,2024-01-28 08:40:20.425966617,2024-01-28 11:06:26.030211095,2.4347222222222222
User_15,2024-01-29 07:10:21.327315758,2024-01-29 14:26:48.989942490,7.274166666666667
User_15,2024-01-30 06:03:07.227698554,2024-01-30 07:39:02.042676086,1.5983333333333334
User_16,2024-01-01 06:49:53.562074102,2024-01-01 08:01:02.173611722,1.1855555555555555
User_16,2024-01-02 06:43:32.670265293,2024-01-02 11:48:25.317601729,5.081111111111111
User_16,2024-01-03 07:41:08.513528531,2024-01-03 14:56:03.840647670,7.248611111111111
User_16,2024-01-04 09:16:11.187289033,2024-01-04 12:39:44.984551819,3.3925
User_16,2024-01-05 07:02:15.697441410,2024-01-05 10:41:43.946127225,3.6577777777777776
User_16,2024-01-06 08:21:40.247172213,2024-01-06 11:14:15.450920949,2.876388888888889
User_16,2024-01-07 08:29:47.744273027,2024-01-07 12:21:44.917908246,3.8658333333333332
User_16,2024-01-08 08:12:29.479404268,2024-01-08 12:15:39.867938477,4.052777777777778
User_16,2024-01-09 07:10:40.306937403,2024-01-09 14:49:01.330272849,7.639166666666667
User_16,2024-01-10 09:03:15.923435900,2024-01-10 11:02:06.775465214,1.9805555555555556
User_16,2024-01-11 09:28:25.938852929,2024-01-11 13:53:09.205048816,4.411944444444444
User_16,2024-01-12 09:34:41.552067274,2024-01-12 16:10:37.904517146,6.598888888888889
User_16,2024-01-13 07:42:03.074464356,2024-01-13 08:51:29.301034022,1.1572222222222222
User_16,2024-01-14 07:04:28.953975143,2024-01-14 11:51:58.136184596,4.791388888888889
User_16,2024-01-15 08:32:02.086365496,2024-01-15 11:20:20.856038412,2.805
User_16,2024-01-16 06:33:26.727466648,2024-01-16 13:24:06.969433990,6.844444444444444
User_16,2024-01-17 09:56:15.391402131,2024-01-17 14:37:02.783996158,4.679722222222222
User_16,2024-01-18 06:41:12.181716215,2024-01-18 09:35:34.326344503,2.906111111111111
User_16,2024-01-19 06:04:24.825742283,2024-01-19 13:28:25.155667607,7.4
User_16,2024-01-20 06:28:15.615593618,2024-01-20 11:30:23.830776577,5.035555555555556
User_16,2024-01-21 07:05:46.395177895,2024-01-21 11:58:31.680841292,4.879166666666666
User_16,2024-01-22 08:36:20.453592266,2024-01-22 15:24:49.947045687,6.808055555555556
User_16,2024-01-23 06:49:32.466313352,2024-01-23 07:54:09.561195545,1.0769444444444445
User_16,2024-01-24 06:32:51.153072990,2024-01-24 13:50:51.622847562,7.3
User_16,2024-01-25 09:29:44.017116900,2024-01-25 14:40:38.827291591,5.181666666666667
User_16,2024-01-26 08:24:07.442790244,2024-01-26 14:03:26.366988809,5.655
User_16,2024-01-27 06:42:05.346412177,2024-01-27 14:06:08.527449485,7.400833333333333
User_16,2024-01-28 07:40:30.295558445,2024-01-28 11:21:25.386470332,3.6819444444444445
User_16,2024-01-29 08:04:32.414956072,2024-01-29 09:24:15.957318803,1.3286111111111112
User_16,2024-01-30 06:39:54.480510087,2024-01-30 12:49:52.927644031,6.166111111111111
User_17,2024-01-01 06:19:52.300818121,2024-01-01 11:33:11.733976673,5.2219444444444445
User_17,2024-01-02 06:58:53.027179411,2024-01-02 10:42:23.276653268,3.725
User_17,2024-01-03 07:09:17.189809498,2024-01-03 10:38:40.142264414,3.4894444444444446
User_17,2024-01-04 08:52:34.261034653,2024-01-04 11:57:21.728268357,3.0797222222222222
User_17,2024-01-05 08:15:56.226820275,2024-01-05 12:35:52.696955692,4.332222222222223
User_17,2024-01-06 08:39:16.864781222,2024-01-06 16:12:44.974212205,7.557777777777778
User_17,2024-01-07 08:55:49.038199827,2024-01-07 11:26:05.535740314,2.5044444444444443
User_17,2024-01-08 06:07:29.037144882,2024-01-08 08:57:38.091061237,2.8358333333333334
User_17,2024-01-09 08:22:49.122202083,2024-01-09 09:44:25.052701886,1.3597222222222223
User_17,2024-01-10 07:59:07.673959697,2024-01-10 13:09:48.113752402,5.177777777777778
User_17,2024-01-11 07:20:13.112027764,2024-01-11 13:44:00.099562158,6.396111111111111
User_17,2024-01-12 06:25:35.014845126,2024-01-12 07:57:08.486944868,1.5258333333333334
User_17,2024-01-13 08:54:45.918089331,2024-01-13 13:22:52.299257727,4.468333333333334
User_17,2024-01-14 08:45:12.994508559,2024-01-14 12:47:50.643441373,4.043611111111111
User_17,2024-01-15 06:59:08.189278643,2024-01-15 13:43:09.567684032,6.733611111111111
User_17,2024-01-16 09:11:51.588657153,2024-01-16 15:03:37.939722684,5.862777777777778
User_17,2024-01-17 07:05:18.889976111,2024-01-17 12:13:12.702781211,5.131388888888889
User_17,2024-01-18 07:26:38.024115936,2024-01-18 09:05:05.892363767,1.6408333333333334
User_17,2024-01-19 09:40:09.315486656,2024-01-19 11:37:37.144985813,1.9575
User_17,2024-01-20 09:48:03.417895019,2024-01-20 13:55:22.763373559,4.121944444444445
User_17,2024-01-21 06:44:25.914175276,2024-01-21 11:32:01.818049210,4.793055555555555
User_17,2024-01-22 09:29:30.420036620,2024-01-22 15:37:02.487174140,6.125555555555556
User_17,2024-01-23 09:13:34.480529204,2024-01-23 14:50:15.821370314,5.6113888888888885
User_17,2024-01-24 08:46:08.782529057,2024-01-24 15:42:48.512948503,6.944166666666667
User_17,2024-01-25 06:59:55.219327572,2024-01-25 11:25:28.728411379,4.425833333333333
User_17,2024-01-26 06:53:05.415962202,2024-01-26 14:47:54.649763717,7.913611111111111
User_17,2024-01-27 09:46:34.454491487,2024-01-27 11:03:08.010137973,1.2758333333333334
User_17,2024-01-28 08:49:20.282484225,2024-01-28 16:17:56.540083099,7.476666666666667
User_17,2024-01-29 06:43:20.284969833,2024-01-29 11:41:52.504779759,4.975555555555555
User_17,2024-01-30 09:39:43.031485267,2024-01-30 10:53:58.470145629,1.2375
User_18,2024-01-01 08:47:22.851848354,2024-01-01 11:52:16.046834142,3.0813888888888887
User_18,2024-01-02 09:41:51.305213422,2024-01-02 17:29:41.972991589,7.7972222222222225
User_18,2024-01-03 09:46:37.437443233,2024-01-03 14:05:47.635703001,4.319444444444445
User_18,2024-01-04 09:26:53.414174246,2024-01-04 16:21:36.059017329,6.911666666666667
User_18,2024-01-05 07:16:35.046814702,2024-01-05 14:04:43.716763299,6.802222222222222
User_18,2024-01-06 06:08:52.909939903,2024-01-06 11:19:18.910877650,5.1738888888888885
User_18,2024-01-07 06:55:12.127256942,2024-01-07 08:45:50.412778529,1.843888888888889
User_18,2024-01-08 06:18:28.126103460,2024-01-08 12:10:54.603255589,5.873888888888889
User_18,2024-01-09 07:21:34.199478260,2024-01-09 13:25:58.322120784,6.073333333333333
User_18,2024-01-10 06:15:41.131307504,2024-01-10 09:28:06.447820835,3.2069444444444444
User_18,2024-01-11 08:09:28.674610204,2024-01-11 14:41:34.898364145,6.535
User_18,2024-01-12 07:16:30.036042221,2024-01-12 12:39:22.498728433,5.381111111111111
User_18,2024-01-13 09:32:38.079574601,2024-01-13 14:51:17.831916795,5.310833333333333
User_18,2024-01-14 06:55:54.616436452,2024-01-14 08:06:09.516131676,1.1705555555555556
User_18,2024-01-15 09:28:49.423784173,2024-01-15 10:37:45.412937602,1.148611111111111
User_18,2024-01-16 09:29:55.704086652,2024-01-16 14:12:04.919864137,4.7025
User_18,2024-01-17 09:45:22.574858585,2024-01-17 16:20:51.912400081,6.591388888888889
User_18,2024-01-18 09:59:30.251191680,2024-01-18 13:26:48.188941063,3.4547222222222222
User_18,2024-01-19 09:04:07.511360608,2024-01-19 12:52:56.170383560,3.8133333333333335
User_18,2024-01-20 07:55:10.208932376,2024-01-20 13:18:43.346605478,5.3925
User_18,2024-01-21 09:29:40.950444283,2024-01-21 17:22:59.853868105,7.888333333333334
User_18,2024-01-22 09:04:23.137159649,2024-01-22 12:59:50.860070265,3.924166666666667
User_18,2024-01-23 07:41:07.540832789,2024-01-23 13:50:54.614832829,6.163055555555555
User_18,2024-01-24 06:57:18.390899063,2024-01-24 08:43:42.338549974,1.7730555555555556
User_18,2024-01-25 07:25:06.559070027,2024-01-25 10:25:44.981659709,3.0105555555555554
User_18,2024-01-26 07:11:06.836934566,2024-01-26 09:49:13.752261023,2.635
User_18,2024-01-27 06:10:06.141930763,2024-01-27 07:17:36.565086045,1.125
User_18,2024-01-28 09:57:03.202412198,2024-01-28 13:56:43.085382341,3.9941666666666666
User_18,2024-01-29 07:32:14.303719099,2024-01-29 13:17:41.415242964,5.7575
User_18,2024-01-30 06:52:22.855985256,2024-01-30 14:31:21.877820801,7.6497222222222225
User_19,2024-01-01 09:08:43.368207583,2024-01-01 10:46:16.525465851,1.6258333333333332
User_19,2024-01-02 07:40:13.163171302,2024-01-02 14:49:26.944521868,7.153611111111111
User_19,2024-01-03 09:46:44.141120996,2024-01-03 14:03:02.659204492,4.2716666666666665
User_19,2024-01-04 08:27:13.124004634,2024-01-04 10:37:22.379446154,2.1691666666666665
User_19,2024-01-05 09:57:52.828216372,2024-01-05 12:35:10.955091234,2.6216666666666666
User_19,2024-01-06 09:46:15.337547545,2024-01-06 15:19:06.433102152,5.5475
User_19,2024-01-07 08:25:51.409846255,2024-01-07 13:01:11.160323871,4.588611111111111
User_19,2024-01-08 06:55:21.645288735,2024-01-08 09:09:30.151695273,2.2355555555555555
User_19,2024-01-09 06:52:55.001410610,2024-01-09 09:11:13.245616645,2.305
User_19,2024-01-10 09:07:06.016419361,2024-01-10 12:34:09.172950362,3.450833333333333
User_19,2024-01-11 06:13:52.934542512,2024-01-11 14:00:54.320822060,7.783611111111111
User_19,2024-01-12 09:32:06.516743473,2024-01-12 17:01:45.874279992,7.494166666666667
User_19,2024-01-13 09:58:46.672646108,2024-01-13 12:11:48.832926439,2.2172222222222224
User_19,2024-01-14 07:35:05.885072198,2024-01-14 13:53:33.494659941,6.3075
User_19,2024-01-15 08:47:02.696899974,2024-01-15 10:51:40.873739738,2.0772222222222223
User_19,2024-01-16 09:15:47.996999864,2024-01-16 11:50:03.899410147,2.5708333333333333
User_19,2024-01-17 06:53:42.973653445,2024-01-17 11:39:14.729110359,4.758611111111111
User_19,2024-01-18 08:22:18.335061720,2024-01-18 13:25:56.507499232,5.060555555555555
User_19,2024-01-19 06:21:57.410458527,2024-01-19 13:30:29.424196812,7.142222222222222
User_19,2024-01-20 07:03:44.640613277,2024-01-20 08:58:08.416629603,1.906388888888889
User_19,2024-01-21 09:33:17.972350113,2024-01-21 17:14:40.390105502,7.689444444444445
User_19,2024-01-22 09:26:54.637688622,2024-01-22 16:06:54.442771688,6.666388888888889
User_19,2024-01-23 08:37:15.484521201,2024-01-23 13:28:37.090260551,4.855833333333333
User_19,2024-01-24 06:20:52.609342724,2024-01-24 10:12:25.630312105,3.859166666666667
User_19,2024-01-25 07:29:26.714644977,2024-01-25 10:18:32.509995737,2.8180555555555555
User_19,2024-01-26 08:53:37.249637115,2024-01-26 13:21:53.318161100,4.471111111111111
User_19,2024-01-27 06:19:27.065509070,2024-01-27 08:51:55.682198205,2.5411111111111113
User_19,2024-01-28 08:43:58.926196698,2024-01-28 10:15:57.423855853,1.5327777777777778
User_19,2024-01-29 09:24:17.379562302,2024-01-29 13:52:15.072043054,4.465833333333333
User_19,2024-01-30 07:55:20.446713503,2024-01-30 13:04:09.122886922,5.1466666666666665
User_20,2024-01-01 09:17:55.405909322,2024-01-01 12:44:00.197948457,3.4344444444444444
User_20,2024-01-02 08:42:43.432596850,2024-01-02 13:40:19.878089543,4.96
User_20,2024-01-03 07:04:05.207090439,2024-01-03 14:13:06.682746588,7.150277777777778
User_20,2024-01-04 09:11:22.934711139,2024-01-04 14:47:55.920944531,5.608888888888889
User_20,2024-01-05 09:24:08.376898957,2024-01-05 16:28:24.190763144,7.070833333333334
User_20,2024-01-06 08:50:00.426864696,2024-01-06 15:41:33.162739460,6.858888888888889
User_20,2024-01-07 08:47:23.589048037,2024-01-07 14:33:03.136496396,5.760833333333333
User_20,2024-01-08 08:28:28.003846298,2024-01-08 14:44:36.463163150,6.268888888888889
User_20,2024-01-09 06:38:03.913516220,2024-01-09 13:48:01.856648032,7.1658333333333335
User_20,2024-01-10 09:29:14.546799531,2024-01-10 10:41:31.578332001,1.2047222222222222
User_20,2024-01-11 09:18:11.761208132,2024-01-11 11:12:19.281868462,1.9019444444444444
User_20,2024-01-12 07:20:25.711501331,2024-01-12 13:32:42.119559879,6.204444444444444
User_20,2024-01-13 06:38:34.942503095,2024-01-13 13:22:07.711510895,6.725555555555555
User_20,2024-01-14 09:19:42.732162591,2024-01-14 13:52:50.919053364,4.552222222222222
User_20,2024-01-15 06:01:31.956552722,2024-01-15 09:02:05.317508729,3.0091666666666668
User_20,2024-01-16 08:28:03.747624610,2024-01-16 16:20:09.639310901,7.868055555555555
User_20,2024-01-17 08:31:38.114789040,2024-01-17 11:20:45.165031856,2.818611111111111
User_20,2024-01-18 08:32:09.682124634,2024-01-18 13:18:57.313693473,4.779722222222222
User_20,2024-01-19 09:07:09.773690176,2024-01-19 10:52:05.685788615,1.7486111111111111
User_20,2024-01-20 09:02:38.801796029,2024-01-20 13:49:58.719578666,4.788611111111111
User_20,2024-01-21 09:51:07.084855569,2024-01-21 13:14:42.263439743,3.3930555555555557
User_20,2024-01-22 08:31:49.755261128,2024-01-22 16:03:16.863519980,7.524166666666667
User_20,2024-01-23 06:24:36.140083065,2024-01-23 13:58:14.297961423,7.560555555555555
User_20,2024-01-24 08:45:05.554401131,2024-01-24 10:13:35.048290581,1.4747222222222223
User_20,2024-01-25 07:12:13.875364034,2024-01-25 13:09:39.811997895,5.956944444444445
User_20,2024-01-26 06:16:09.848661150,2024-01-26 11:20:40.544257592,5.075
User_20,2024-01-27 07:23:00.716020122,2024-01-27 12:43:47.787067862,5.346388888888889
User_20,2024-01-28 06:10:58.685286900,2024-01-28 13:17:01.412801939,7.100555555555555
User_20,2024-01-29 09:53:38.241156154,2024-01-29 17:40:33.963109353,7.781944444444444
User_20,2024-01-30 08:59:54.986377098,2024-01-30 10:54:33.159628389,1.9105555555555556
User_21,2024-01-01 09:01:58.990021377,2024-01-01 10:12:18.580316138,1.1719444444444445
User_21,2024-01-02 06:05:18.579142017,2024-01-02 09:21:13.556664585,3.265
User_21,2024-01-03 07:57:16.461941827,2024-01-03 14:20:50.728870583,6.392777777777778
User_21,2024-01-04 08:43:59.453423133,2024-01-04 12:51:16.201623827,4.121111111111111
User_21,2024-01-05 07:05:40.223994455,2024-01-05 15:04:27.761398429,7.979722222222223
User_21,2024-01-06 07:42:17.010752198,2024-01-06 11:51:51.963765305,4.1594444444444445
User_21,2024-01-07 06:39:16.183025160,2024-01-07 13:13:05.383653658,6.563611111111111
User_21,2024-01-08 08:46:29.024051253,2024-01-08 11:19:12.418293529,2.5452777777777778
User_21,2024-01-09 06:19:46.287056868,2024-01-09 12:05:34.869469150,5.763333333333334
User_21,2024-01-10 08:37:04.961485648,2024-01-10 11:31:51.101566002,2.912777777777778
User_21,2024-01-11 09:48:12.435296405,2024-01-11 11:51:39.094169283,2.0572222222222223
User_21,2024-01-12 07:43:45.621135013,2024-01-12 15:20:04.742323236,7.605277777777777
User_21,2024-01-13 07:40:44.073363736,2024-01-13 13:08:54.927244870,5.469444444444444
User_21,2024-01-14 07:35:25.359330664,2024-01-14 10:30:35.582429850,2.9194444444444443
User_21,2024-01-15 09:56:09.278130621,2024-01-15 13:48:04.495089760,3.8652777777777776
User_21,2024-01-16 09:34:35.028532979,2024-01-16 12:11:09.884601434,2.6094444444444442
User_21,2024-01-17 06:51:08.707737961,2024-01-17 08:04:13.286626650,1.2177777777777778
User_21,2024-01-18 08:36:24.002285412,2024-01-18 12:11:10.866147250,3.5794444444444444
User_21,2024-01-19 09:27:26.758797690,2024-01-19 13:46:11.648446317,4.312222222222222
User_21,2024-01-20 09:52:21.985361971,2024-01-20 12:10:17.228357689,2.298611111111111
User_21,2024-01-21 09:28:28.173618560,2024-01-21 15:54:38.414308911,6.436111111111111
User_21,2024-01-22 09:05:01.274562874,2024-01-22 15:59:49.811911419,6.913333333333333
User_21,2024-01-23 09:02:38.745469579,2024-01-23 14:25:39.497574690,5.383333333333334
User_21,2024-01-24 06:31:29.926238626,2024-01-24 07:45:09.585961805,1.2275
User_21,2024-01-25 09:41:00.209008545,2024-01-25 14:59:59.796934467,5.316388888888889
User_21,2024-01-26 09:11:10.136990056,2024-01-26 13:33:24.500248172,4.370555555555556
User_21,2024-01-27 06:28:09.237921058,2024-01-27 08:20:43.919884562,1.876111111111111
User_21,2024-01-28 08:44:32.140136097,2024-01-28 12:45:15.848687563,4.0119444444444445
User_21,2024-01-29 06:48:07.556064484,2024-01-29 11:14:35.738642368,4.441111111111111
User_21,2024-01-30 06:15:24.608693881,2024-01-30 11:19:50.288022123,5.073611111111111
User_22,2024-01-01 07:04:33.505023865,2024-01-01 13:39:31.994359922,6.582777777777777
User_22,2024-01-02 07:14:29.212208499,2024-01-02 11:25:40.759965360,4.186388888888889
User_22,2024-01-03 06:02:47.335774676,2024-01-03 07:33:12.997347098,1.5069444444444444
User_22,2024-01-04 07:34:11.907212256,2024-01-04 11:55:46.365847127,4.359444444444445
User_22,2024-01-05 08:24:00.295892917,2024-01-05 11:26:30.192876391,3.0413888888888887
User_22,2024-01-06 08:46:47.739160222,2024-01-06 15:48:02.823569389,7.020833333333333
User_22,2024-01-07 09:07:09.854240064,2024-01-07 10:23:48.248638842,1.2772222222222223
User_22,2024-01-08 07:55:19.300040512,2024-01-08 09:39:23.540536650,1.7344444444444445
User_22,2024-01-09 06:58:05.448228420,2024-01-09 14:52:29.345578752,7.9063888888888885
User_22,2024-01-10 06:34:11.935817781,2024-01-10 11:03:43.917284755,4.491944444444444
User_22,2024-01-11 08:28:21.442574180,2024-01-11 14:23:23.559831891,5.917222222222223
User_22,2024-01-12 08:14:18.941042211,2024-01-12 09:18:25.166397174,1.0683333333333334
User_22,2024-01-13 07:18:21.042838713,2024-01-13 11:55:47.376252007,4.623888888888889
User_22,2024-01-14 06:21:05.277587685,2024-01-14 09:48:21.076254156,3.4541666666666666
User_22,2024-01-15 06:07:58.124766595,2024-01-15 07:40:58.302894901,1.55
User_22,2024-01-16 07:35:15.695177302,2024-01-16 09:31:00.132179187,1.9288888888888889
User_22,2024-01-17 08:16:12.588214966,2024-01-17 14:05:47.105437225,5.8261111111111115
User_22,2024-01-18 09:12:08.448467170,2024-01-18 11:36:12.234622139,2.4008333333333334
User_22,2024-01-19 06:40:11.749184530,2024-01-19 08:24:06.858760956,1.7319444444444445
User_22,2024-01-20 08:32:44.595593428,2024-01-20 14:29:27.783900897,5.945277777777778
User_22,2024-01-21 06:07:34.840485489,2024-01-21 13:40:47.389090829,7.553333333333334
User_22,2024-01-22 06:12:28.386484581,2024-01-22 10:59:49.054134167,4.788888888888889
User_22,2024-01-23 08:50:10.471480093,2024-01-23 15:55:58.893398494,7.096666666666667
User_22,2024-01-24 08:51:22.851822706,2024-01-24 15:28:06.399516064,6.611944444444444
User_22,2024-01-25 07:21:28.082772616,2024-01-25 14:03:41.675639028,6.703611111111111
User_22,2024-01-26 06:19:13.653787939,2024-01-26 13:35:03.033520664,7.2636111111111115
User_22,2024-01-27 08:11:25.330216613,2024-01-27 14:54:41.234019667,6.720833333333333
User_22,2024-01-28 07:48:33.383297063,2024-01-28 13:18:51.541216015,5.505
User_22,2024-01-29 08:06:20.198317480,2024-01-29 14:13:36.254265714,6.121111111111111
User_22,2024-01-30 06:19:35.471741240,2024-01-30 07:44:56.344257802,1.4222222222222223
User_23,2024-01-01 06:59:18.286569746,2024-01-01 09:06:18.812508598,2.1166666666666667
User_23,2024-01-02 09:29:13.683358927,2024-01-02 12:01:17.875840349,2.5344444444444445
User_23,2024-01-03 09:54:12.459683795,2024-01-03 13:15:42.233636426,3.3580555555555556
User_23,2024-01-04 06:43:42.497985917,2024-01-04 13:15:22.900365907,6.527777777777778
User_23,2024-01-05 08:38:05.391967212,2024-01-05 13:07:19.924021831,4.487222222222222
User_23,2024-01-06 08:13:17.235133501,2024-01-06 14:15:21.119945962,6.034166666666667
User_23,2024-01-07 06:54:49.748275170,2024-01-07 14:53:17.362959799,7.974166666666667
User_23,2024-01-08 09:53:57.021534913,2024-01-08 15:27:05.228830855,5.552222222222222
User_23,2024-01-09 06:47:53.411293379,2024-01-09 12:33:35.163002647,5.761388888888889
User_23,2024-01-10 06:17:19.657089300,2024-01-10 07:30:12.100144886,1.2144444444444444
User_23,2024-01-11 07:01:50.633594561,2024-01-11 11:16:08.732104391,4.238333333333333
User_23,2024-01-12 09:28:23.124077880,2024-01-12 15:33:47.784635990,6.09
User_23,2024-01-13 08:58:14.973905279,2024-01-13 12:56:57.405933370,3.9783333333333335
User_23,2024-01-14 07:23:01.463892676,2024-01-14 10:58:51.640719887,3.5972222222222223
User_23,2024-01-15 09:57:02.153717799,2024-01-15 11:13:52.905341393,1.2805555555555554
User_23,2024-01-16 09:28:05.253544163,2024-01-16 14:31:07.873840187,5.0505555555555555
User_23,2024-01-17 07:45:16.062036330,2024-01-17 13:49:52.555078791,6.076666666666667
User_23,2024-01-18 07:56:48.032756515,2024-01-18 15:03:38.298356172,7.113888888888889
User_23,2024-01-19 09:36:10.106841762,2024-01-19 13:33:17.474198973,3.9519444444444445
User_23,2024-01-20 07:06:26.320280184,2024-01-20 12:15:13.548560736,5.146388888888889
User_23,2024-01-21 09:38:58.032176880,2024-01-21 12:07:26.719339822,2.4744444444444444
User_23,2024-01-22 08:29:30.718803314,2024-01-22 13:54:46.036349645,5.420833333333333
User_23,2024-01-23 08:55:56.827522780,2024-01-23 10:51:12.333187986,1.9208333333333334
User_23,2024-01-24 08:51:47.879491422,2024-01-24 16:13:35.499012196,7.3630555555555555
User_23,2024-01-25 06:43:07.436767731,2024-01-25 09:22:53.528555812,2.662777777777778
User_23,2024-01-26 09:53:08.089354199,2024-01-26 12:09:08.708562478,2.2666666666666666
User_23,2024-01-27 09:25:03.145344521,2024-01-27 13:51:48.547327011,4.445833333333334
User_23,2024-01-28 06:59:20.127471405,2024-01-28 14:05:03.024983472,7.095
User_23,2024-01-29 07:46:52.395672038,2024-01-29 12:23:05.792991066,4.603611111111111
User_23,2024-01-30 07:26:12.960519356,2024-01-30 12:35:15.321975516,5.150555555555556
User_24,2024-01-01 06:39:14.743765224,2024-01-01 10:23:29.998488848,3.7375
User_24,2024-01-02 09:52:39.537441628,2024-01-02 12:41:04.499945696,2.8066666666666666
User_24,2024-01-03 08:37:37.007969394,2024-01-03 11:54:11.797587856,3.276111111111111
User_24,2024-01-04 09:05:38.013009887,2024-01-04 11:00:36.029259989,1.916111111111111
User_24,2024-01-05 09:52:45.423049131,2024-01-05 14:03:20.919491998,4.176388888888889
User_24,2024-01-06 06:56:39.126672189,2024-01-06 08:27:31.244704905,1.5144444444444445
User_24,2024-01-07 06:40:44.513833260,2024-01-07 11:19:02.817336871,4.638333333333334
User_24,2024-01-08 07:20:52.845740610,2024-01-08 14:09:00.706560851,6.801944444444445
User_24,2024-01-09 07:43:24.780340730,2024-01-09 10:27:52.380009938,2.7408333333333332
User_24,2024-01-10 08:28:06.887807098,2024-01-10 14:24:57.673672611,5.947222222222222
User_24,2024-01-11 06:40:05.403473773,2024-01-11 08:50:29.407724238,2.1733333333333333
User_24,2024-01-12 06:08:48.068547843,2024-01-12 12:18:05.399327497,6.154722222222222
User_24,2024-01-13 08:39:18.785197753,2024-01-13 12:58:39.483266648,4.322222222222222
User_24,2024-01-14 09:22:36.054465156,2024-01-14 16:00:58.942319497,6.639444444444444
User_24,2024-01-15 08:20:29.102847313,2024-01-15 15:25:09.539116247,7.0777777777777775
User_24,2024-01-16 06:49:24.113424529,2024-01-16 08:36:24.487833351,1.7833333333333334
User_24,2024-01-17 07:04:44.394405844,2024-01-17 08:28:42.983179294,1.3994444444444445
User_24,2024-01-18 08:07:28.841203214,2024-01-18 15:40:51.304649047,7.556111111111111
User_24,2024-01-19 06:09:26.546985626,2024-01-19 08:00:43.716818678,1.8547222222222222
User_24,2024-01-20 07:48:31.666007281,2024-01-20 15:20:45.316448984,7.536944444444444
User_24,2024-01-21 07:15:52.647911665,2024-01-21 11:48:54.965090612,4.5505555555555555
User_24,2024-01-22 06:09:58.649170325,2024-01-22 08:12:16.897834569,2.0383333333333336
User_24,2024-01-23 09:56:47.473770607,2024-01-23 17:42:08.464920795,7.7555555555555555
User_24,2024-01-24 06:01:11.135725455,2024-01-24 13:40:56.792718120,7.6625
User_24,2024-01-25 08:33:23.327104543,2024-01-25 15:37:54.868126447,7.075277777777778
User_24,2024-01-26 07:49:08.253921127,2024-01-26 12:25:41.273841324,4.609166666666667
User_24,2024-01-27 07:57:19.390755699,2024-01-27 13:37:24.370045860,5.667777777777777
User_24,2024-01-28 06:33:30.978068490,2024-01-28 07:46:06.312533281,1.2097222222222221
User_24,2024-01-29 07:13:54.191158913,2024-01-29 13:09:52.146379876,5.9325
User_24,2024-01-30 06:48:26.689710570,2024-01-30 12:31:17.187030357,5.713888888888889
User_25,2024-01-01 09:52:46.733463944,2024-01-01 11:32:13.031501837,1.6572222222222222
User_25,2024-01-02 08:41:25.470502441,2024-01-02 12:47:47.976028916,4.106111111111111
User_25,2024-01-03 09:28:21.248463036,2024-01-03 11:42:45.423157110,2.24
User_25,2024-01-04 08:46:13.813712056,2024-01-04 15:38:14.319011188,6.866666666666666
User_25,2024-01-05 09:46:42.444760425,2024-01-05 15:33:40.295073324,5.7825
User_25,2024-01-06 07:59:19.316601721,2024-01-06 13:18:49.067054791,5.324722222222222
User_25,2024-01-07 09:28:32.231776493,2024-01-07 14:28:11.597391791,4.994166666666667
User_25,2024-01-08 06:07:17.573659634,2024-01-08 13:38:17.480786409,7.516388888888889
User_25,2024-01-09 08:45:29.185214854,2024-01-09 14:29:37.322536440,5.735555555555556
User_25,2024-01-10 06:51:45.722194527,2024-01-10 12:28:29.636044389,5.611944444444444
User_25,2024-01-11 07:34:31.647441419,2024-01-11 13:08:02.718462864,5.558611111111111
User_25,2024-01-12 06:25:34.939636435,2024-01-12 12:01:52.641312431,5.604722222222223
User_25,2024-01-13 09:59:51.557651097,2024-01-13 11:20:06.501030383,1.3372222222222223
User_25,2024-01-14 09:54:31.308252786,2024-01-14 13:45:25.388863002,3.848333333333333
User_25,2024-01-15 09:28:58.849684856,2024-01-15 15:57:34.963883124,6.476666666666667
User_25,2024-01-16 08:16:05.034158208,2024-01-16 14:26:13.954231341,6.168888888888889
User_25,2024-01-17 09:30:50.624082739,2024-01-17 13:20:34.960188345,3.828888888888889
User_25,2024-01-18 07:18:29.277526510,2024-01-18 12:58:52.630842712,5.673055555555556
User_25,2024-01-19 09:13:52.981563954,2024-01-19 15:34:02.566960324,6.335833333333333
User_25,2024-01-20 09:11:28.516543564,2024-01-20 13:14:25.216076849,4.0488888888888885
User_25,2024-01-21 09:16:16.812712920,2024-01-21 11:06:46.080908259,1.841388888888889
User_25,2024-01-22 08:10:40.643010636,2024-01-22 09:13:05.761255188,1.0402777777777779
User_25,2024-01-23 07:17:54.035950563,2024-01-23 10:51:48.866629322,3.565
User_25,2024-01-24 07:35:04.886759173,2024-01-24 13:27:10.660367757,5.868055555555555
User_25,2024-01-25 07:33:15.236658292,2024-01-25 11:41:42.315948379,4.140833333333333
User_25,2024-01-26 06:57:00.635484590,2024-01-26 10:33:46.580633649,3.6125
User_25,2024-01-27 06:54:32.682632589,2024-01-27 08:25:17.219911553,1.5122222222222221
User_25,2024-01-28 08:24:49.659744691,2024-01-28 14:05:28.622268277,5.677222222222222
User_25,2024-01-29 08:28:40.660982538,2024-01-29 12:43:20.710886312,4.2444444444444445
User_25,2024-01-30 07:31:08.915234580,2024-01-30 14:33:44.923203789,7.043333333333333
User_26,2024-01-01 08:04:34.777705961,2024-01-01 12:25:50.161022230,4.354166666666667
User_26,2024-01-02 06:06:09.245747612,2024-01-02 09:29:28.691003791,3.388611111111111
User_26,2024-01-03 07:31:14.816910516,2024-01-03 11:18:45.150989117,3.7916666666666665
User_26,2024-01-04 08:19:14.482116873,2024-01-04 13:03:21.266294390,4.735
User_26,2024-01-05 08:25:53.833336225,2024-01-05 14:47:08.891527086,6.354166666666667
User_26,2024-01-06 09:15:06.994637511,2024-01-06 15:16:43.696158418,6.026666666666666
User_26,2024-01-07 09:49:19.541221751,2024-01-07 10:56:59.002305195,1.1275
User_26,2024-01-08 06:46:59.202993843,2024-01-08 07:50:09.787443292,1.0527777777777778
User_26,2024-01-09 08:35:23.635883826,2024-01-09 15:52:34.005717365,7.286111111111111
User_26,2024-01-10 06:58:26.145070698,2024-01-10 14:27:47.415599564,7.489166666666667
User_26,2024-01-11 06:14:27.850420169,2024-01-11 13:46:55.638295667,7.5408333333333335
User_26,2024-01-12 07:24:23.366696250,2024-01-12 09:06:59.171573170,1.7097222222222221
User_26,2024-01-13 07:56:36.553332283,2024-01-13 10:44:27.322838839,2.797222222222222
User_26,2024-01-14 07:08:22.169788251,2024-01-14 10:17:25.876904393,3.1508333333333334
User_26,2024-01-15 09:12:43.572928790,2024-01-15 13:59:10.437101006,4.773888888888889
User_26,2024-01-16 07:14:42.830867846,2024-01-16 12:31:03.242207281,5.272222222222222
User_26,2024-01-17 08:51:52.569708813,2024-01-17 11:46:22.694527298,2.908333333333333
User_26,2024-01-18 07:39:15.107061965,2024-01-18 09:30:26.636614056,1.8530555555555555
User_26,2024-01-19 06:43:28.550633299,2024-01-19 12:29:32.720553216,5.767777777777778
User_26,2024-01-20 06:43:32.712206817,2024-01-20 11:24:06.829475226,4.676111111111111
User_26,2024-01-21 08:50:10.266168803,2024-01-21 10:35:03.564630790,1.7480555555555555
User_26,2024-01-22 08:16:09.295962656,2024-01-22 11:03:54.678111930,2.7958333333333334
User_26,2024-01-23 09:51:06.147003421,2024-01-23 14:14:11.497300763,4.384722222222222
User_26,2024-01-24 09:13:26.292716762,2024-01-24 14:04:32.001579099,4.851388888888889
User_26,2024-01-25 06:10:25.140473109,2024-01-25 11:36:20.555138078,5.4319444444444445
User_26,2024-01-26 09:48:20.208127775,2024-01-26 15:01:00.825995462,5.211111111111111
User_26,2024-01-27 09:16:36.319575745,2024-01-27 16:27:58.322452124,7.189444444444445
User_26,2024-01-28 06:54:44.348716064,2024-01-28 09:23:47.878681751,2.484166666666667
User_26,2024-01-29 08:26:38.126239454,2024-01-29 12:19:16.043678582,3.8769444444444443
User_26,2024-01-30 09:21:34.002761280,2024-01-30 16:39:34.585470909,7.3
User_27,2024-01-01 07:24:49.267861959,2024-01-01 10:04:18.405948115,2.6580555555555554
User_27,2024-01-02 09:07:19.567419511,2024-01-02 12:02:44.679515324,2.923611111111111
User_27,2024-01-03 09:17:25.646186596,2024-01-03 13:15:23.850178544,3.966111111111111
User_27,2024-01-04 08:40:12.718549797,2024-01-04 10:20:20.208458430,1.668611111111111
User_27,2024-01-05 08:29:43.574275342,2024-01-05 12:39:28.119779520,4.162222222222222
User_27,2024-01-06 08:20:47.161869726,2024-01-06 10:31:21.119904896,2.1758333333333333
User_27,2024-01-07 08:56:50.981927196,2024-01-07 15:59:13.468281285,7.039444444444444
User_27,2024-01-08 06:52:01.053121307,2024-01-08 08:32:13.059920415,1.67
User_27,2024-01-09 06:05:40.395639067,2024-01-09 11:35:18.077450237,5.493611111111111
User_27,2024-01-10 08:25:42.154119678,2024-01-10 13:15:18.928920072,4.826666666666667
User_27,2024-01-11 06:55:40.038184070,2024-01-11 10:39:50.869280888,3.736111111111111
User_27,2024-01-12 08:22:40.459226680,2024-01-12 12:51:18.984069931,4.477222222222222
User_27,2024-01-13 09:57:04.111491094,2024-01-13 11:54:22.393255523,1.955
User_27,2024-01-14 08:46:50.081578285,2024-01-14 12:36:38.914534513,3.83
User_27,2024-01-15 07:42:46.074454928,2024-01-15 13:44:09.538149514,6.023055555555556
User_27,2024-01-16 08:46:11.080579070,2024-01-16 16:42:30.731620365,7.938611111111111
User_27,2024-01-17 06:30:48.877768139,2024-01-17 08:14:32.440932619,1.728611111111111
User_27,2024-01-18 08:53:50.478966653,2024-01-18 13:56:45.829275214,5.048611111111111
User_27,2024-01-19 07:05:47.913598461,2024-01-19 08:39:09.281696983,1.5558333333333334
User_27,2024-01-20 06:20:33.478794188,2024-01-20 13:36:07.088835723,7.259166666666666
User_27,2024-01-21 06:46:02.889475949,2024-01-21 10:01:51.852841260,3.263333333333333
User_27,2024-01-22 06:54:23.852192068,2024-01-22 10:23:29.759099032,3.484722222222222
User_27,2024-01-23 06:16:39.703335543,2024-01-23 10:54:40.010066431,4.633333333333334
User_27,2024-01-24 06:16:13.620915727,2024-01-24 12:52:22.604912850,6.602222222222222
User_27,2024-01-25 06:56:05.453979510,2024-01-25 11:42:53.754227543,4.78
User_27,2024-01-26 09:31:13.138860885,2024-01-26 15:04:35.248560874,5.556111111111111
User_27,2024-01-27 08:07:54.592126339,2024-01-27 11:24:07.802704846,3.270277777777778
User_27,2024-01-28 07:19:55.227548038,2024-01-28 13:01:06.298819032,5.686388888888889
User_27,2024-01-29 09:58:35.606801584,2024-01-29 15:36:33.954385788,5.632777777777778
User_27,2024-01-30 08:13:52.081210128,2024-01-30 14:20:44.474068157,6.114444444444445
User_28,2024-01-01 07:51:38.960816885,2024-01-01 09:16:54.547850424,1.4208333333333334
User_28,2024-01-02 08:14:57.074148641,2024-01-02 15:57:09.231318176,7.703333333333333
User_28,2024-01-03 06:42:04.362369950,2024-01-03 12:31:52.485618630,5.83
User_28,2024-01-04 06:48:13.445116690,2024-01-04 11:33:16.302765411,4.750555555555556
User_28,2024-01-05 06:23:12.140874912,2024-01-05 10:32:21.488468618,4.1525
User_28,2024-01-06 09:01:28.751936091,2024-01-06 12:27:27.554346913,3.432777777777778
User_28,2024-01-07 08:39:34.728832615,2024-01-07 15:13:40.067844516,6.5680555555555555
User_28,2024-01-08 09:42:31.360600504,2024-01-08 12:21:04.341063261,2.6422222222222222
User_28,2024-01-09 07:35:50.149187654,2024-01-09 09:39:51.032723580,2.066666666666667
User_28,2024-01-10 09:58:11.762431080,2024-01-10 17:27:32.186822772,7.488888888888889
User_28,2024-01-11 08:09:35.382676040,2024-01-11 15:03:14.621694325,6.894166666666667
User_28,2024-01-12 08:05:01.794872717,2024-01-12 13:26:56.154210386,5.365
User_28,2024-01-13 06:21:23.391822470,2024-01-13 12:38:36.206418989,6.286666666666667
User_28,2024-01-14 06:30:39.074164347,2024-01-14 13:17:35.978446710,6.782222222222222
User_28,2024-01-15 09:07:41.204462453,2024-01-15 15:05:21.570845576,5.961111111111111
User_28,2024-01-16 06:08:40.709479556,2024-01-16 09:15:59.544049378,3.1216666666666666
User_28,2024-01-17 07:03:08.821006716,2024-01-17 10:34:24.258474998,3.5208333333333335
User_28,2024-01-18 06:21:02.055553399,2024-01-18 13:54:33.392693781,7.558611111111111
User_28,2024-01-19 08:12:54.752266258,2024-01-19 11:21:13.964894840,3.138611111111111
User_28,2024-01-20 07:35:16.533845869,2024-01-20 11:43:06.037866590,4.130277777777778
User_28,2024-01-21 08:24:08.558400392,2024-01-21 13:00:43.679978343,4.6097222222222225
User_28,2024-01-22 09:40:39.244414287,2024-01-22 14:09:22.724183513,4.478611111111111
User_28,2024-01-23 09:58:07.075413455,2024-01-23 16:55:42.984348631,6.959722222222222
User_28,2024-01-24 06:50:02.551406745,2024-01-24 14:20:53.550815771,7.513888888888889
User_28,2024-01-25 06:27:55.676129550,2024-01-25 13:11:15.408783528,6.7219444444444445
User_28,2024-01-26 07:31:20.975426062,2024-01-26 14:40:05.928301277,7.145555555555555
User_28,2024-01-27 09:28:20.016337547,2024-01-27 16:06:49.336420511,6.641388888888889
User_28,2024-01-28 09:09:36.438282821,2024-01-28 12:17:34.352588091,3.1325
User_28,2024-01-29 06:19:25.237675938,2024-01-29 10:08:40.338180820,3.8208333333333333
User_28,2024-01-30 06:41:38.753015805,2024-01-30 12:33:31.520456147,5.864444444444445
User_29,2024-01-01 07:23:03.836062144,2024-01-01 15:12:49.213123813,7.829166666666667
User_29,2024-01-02 08:33:49.997913772,2024-01-02 15:19:16.508117357,6.7572222222222225
User_29,2024-01-03 06:31:48.355287482,2024-01-03 13:33:51.120240752,7.033888888888889
User_29,2024-01-04 09:41:27.703543392,2024-01-04 14:06:01.663897629,4.409166666666667
User_29,2024-01-05 08:25:30.042303614,2024-01-05 14:46:43.249286369,6.353611111111111
User_29,2024-01-06 06:41:57.676232549,2024-01-06 11:13:02.341359427,4.517777777777778
User_29,2024-01-07 07:35:40.747599921,2024-01-07 09:37:09.372202409,2.0244444444444443
User_29,2024-01-08 07:28:12.495680998,2024-01-08 08:56:50.437877512,1.4769444444444444
User_29,2024-01-09 06:06:11.691460072,2024-01-09 08:02:57.881946773,1.9461111111111111
User_29,2024-01-10 09:51:08.857606884,2024-01-10 14:41:57.001911438,4.846666666666667
User_29,2024-01-11 09:51:47.839120606,2024-01-11 13:53:26.785654525,4.027222222222222
User_29,2024-01-12 07:14:50.152316427,2024-01-12 11:47:24.927260001,4.542777777777777
User_29,2024-01-13 07:45:28.968316313,2024-01-13 09:29:51.718359708,1.7394444444444443
User_29,2024-01-14 08:33:47.898931538,2024-01-14 11:04:32.061130779,2.5122222222222224
User_29,2024-01-15 08:28:42.066550528,2024-01-15 14:01:47.134078961,5.551388888888889
User_29,2024-01-16 06:36:29.157885052,2024-01-16 08:02:15.168488240,1.4294444444444445
User_29,2024-01-17 09:07:22.966839385,2024-01-17 13:20:29.937518371,4.218333333333334
User_29,2024-01-18 06:13:57.558655278,2024-01-18 14:11:48.189847956,7.963888888888889
User_29,2024-01-19 06:13:52.040078347,2024-01-19 12:05:46.927845582,5.865
User_29,2024-01-20 09:56:04.976523793,2024-01-20 12:36:32.315150034,2.674166666666667
User_29,2024-01-21 06:34:08.390909095,2024-01-21 08:25:07.291382540,1.8494444444444444
User_29,2024-01-22 07:12:47.162124973,2024-01-22 08:55:13.516562441,1.7072222222222222
User_29,2024-01-23 08:46:07.123320395,2024-01-23 10:12:16.876633272,1.4358333333333333
User_29,2024-01-24 08:02:15.678645356,2024-01-24 16:00:52.439362451,7.976666666666667
User_29,2024-01-25 09:15:21.171880886,2024-01-25 14:33:44.701724307,5.306388888888889
User_29,2024-01-26 07:13:30.052139327,2024-01-26 12:35:32.227213876,5.367222222222222
User_29,2024-01-27 08:06:29.397080327,2024-01-27 12:05:26.698354364,3.9825
User_29,2024-01-28 06:31:22.229425058,2024-01-28 13:43:44.655649117,7.206111111111111
User_29,2024-01-29 07:47:56.898943027,2024-01-29 10:09:41.386240910,2.362222222222222
User_29,2024-01-30 07:28:15.734652632,2024-01-30 11:22:11.804416360,3.898888888888889
User_30,2024-01-01 09:18:36.545696162,2024-01-01 15:26:43.628086309,6.135277777777778
User_30,2024-01-02 09:04:37.990468435,2024-01-02 10:09:15.978332036,1.0769444444444445
User_30,2024-01-03 07:39:52.617573788,2024-01-03 12:02:02.490194998,4.369166666666667
User_30,2024-01-04 06:04:36.368786252,2024-01-04 08:53:43.661646626,2.818611111111111
User_30,2024-01-05 09:02:28.173452958,2024-01-05 11:00:03.338037328,1.9597222222222221
User_30,2024-01-06 08:08:28.465892917,2024-01-06 10:38:51.553067751,2.506388888888889
User_30,2024-01-07 06:02:54.539154872,2024-01-07 08:44:12.815886380,2.6883333333333335
User_30,2024-01-08 09:54:12.582070704,2024-01-08 16:30:51.317290155,6.610555555555556
User_30,2024-01-09 09:50:17.903678222,2024-01-09 14:15:11.825585166,4.414722222222222
User_30,2024-01-10 06:26:20.201260956,2024-01-10 11:16:28.780383093,4.835555555555556
User_30,2024-01-11 07:49:03.033617663,2024-01-11 14:43:40.832102701,6.910277777777778
User_30,2024-01-12 06:23:32.389163293,2024-01-12 10:48:36.065816241,4.4175
User_30,2024-01-13 06:36:00.700771593,2024-01-13 09:52:22.534129222,3.2725
User_30,2024-01-14 08:56:57.941914384,2024-01-14 13:16:53.598774476,4.331944444444445
User_30,2024-01-15 07:30:12.791306099,2024-01-15 11:15:53.593526063,3.761111111111111
User_30,2024-01-16 07:50:16.033465046,2024-01-16 14:19:58.450369739,6.495
User_30,2024-01-17 09:34:06.019520739,2024-01-17 17:15:20.453620637,7.687222222222222
User_30,2024-01-18 09:08:51.408762076,2024-01-18 12:21:19.662534925,3.207777777777778
User_30,2024-01-19 08:45:09.139767646,2024-01-19 12:48:56.738493841,4.063055555555556
User_30,2024-01-20 07:01:07.256957463,2024-01-20 13:54:17.220758996,6.885833333333333
User_30,2024-01-21 06:09:13.339425057,2024-01-21 13:27:57.741626869,7.312222222222222
User_30,2024-01-22 07:50:45.275490596,2024-01-22 13:18:22.752706164,5.460277777777778
User_30,2024-01-23 08:38:14.696479763,2024-01-23 15:54:11.663545567,7.265555555555555
User_30,2024-01-24 08:32:48.043423207,2024-01-24 13:50:39.169759160,5.2975
User_30,2024-01-25 06:15:59.789384073,2024-01-25 10:53:43.671537092,4.628611111111111
User_30,2024-01-26 06:36:02.433611765,2024-01-26 12:45:45.764583546,6.161944444444444
User_30,2024-01-27 08:02:55.995659702,2024-01-27 13:48:37.735695752,5.761388888888889
User_30,2024-01-28 06:10:00.089768674,2024-01-28 07:45:36.848573028,1.5933333333333333
User_30,2024-01-29 08:51:55.056788102,2024-01-29 10:22:11.582055268,1.5044444444444445
User_30,2024-01-30 06:17:06.096879819,2024-01-30 07:22:11.230455738,1.0847222222222221
User_31,2024-01-01 09:49:33.620135512,2024-01-01 15:59:18.830793878,6.1625
User_31,2024-01-02 07:24:46.820282429,2024-01-02 10:29:19.516930877,3.0755555555555554
User_31,2024-01-03 07:23:55.726508340,2024-01-03 13:49:16.995494105,6.4225
User_31,2024-01-04 08:38:43.736799413,2024-01-04 10:56:30.665109673,2.296111111111111
User_31,2024-01-05 06:41:47.174428810,2024-01-05 08:23:06.744801587,1.688611111111111
User_31,2024-01-06 08:38:28.359163699,2024-01-06 14:59:30.550251686,6.350555555555555
User_31,2024-01-07 07:03:36.668567880,2024-01-07 08:12:24.481585859,1.146388888888889
User_31,2024-01-08 06:19:43.272011660,2024-01-08 14:06:13.344889754,7.775
User_31,2024-01-09 07:10:54.404795674,2024-01-09 13:33:58.828121194,6.384444444444444
User_31,2024-01-10 08:29:55.155391501,2024-01-10 12:10:20.034310753,3.6733333333333333
User_31,2024-01-11 06:49:21.896575615,2024-01-11 08:40:20.834313232,1.8494444444444444
User_31,2024-01-12 08:27:36.186739759,2024-01-12 14:52:56.958011831,6.4222222222222225
User_31,2024-01-13 08:34:32.221250992,2024-01-13 13:17:15.835008870,4.711944444444445
User_31,2024-01-14 06:10:04.097617415,2024-01-14 13:56:50.014812793,7.779166666666667
User_31,2024-01-15 09:11:41.484359825,2024-01-15 12:14:40.599684689,3.049722222222222
User_31,2024-01-16 09:55:11.572742767,2024-01-16 15:07:58.988801602,5.213055555555556
User_31,2024-01-17 08:19:46.886278184,2024-01-17 14:33:58.330399808,6.2363888888888885
User_31,2024-01-18 09:14:49.484948497,2024-01-18 14:50:32.745853250,5.595277777777778
User_31,2024-01-19 06:30:44.578747673,2024-01-19 09:52:48.919898734,3.367777777777778
User_31,2024-01-20 09:42:44.404420695,2024-01-20 12:17:04.717839160,2.5722222222222224
User_31,2024-01-21 07:29:19.205143260,2024-01-21 11:30:47.542593453,4.024444444444445
User_31,2024-01-22 07:45:27.431851600,2024-01-22 13:02:53.509330462,5.290555555555556
User_31,2024-01-23 09:46:20.292063523,2024-01-23 12:27:25.748401702,2.6847222222222222
User_31,2024-01-24 06:29:09.619818733,2024-01-24 08:52:05.876163203,2.382222222222222
User_31,2024-01-25 09:32:51.718563013,2024-01-25 15:04:06.151041924,5.520555555555555
User_31,2024-01-26 07:08:37.057765043,2024-01-26 13:51:18.920627052,6.711388888888889
User_31,2024-01-27 09:26:43.727947633,2024-01-27 16:22:15.889282628,6.9255555555555555
User_31,2024-01-28 09:40:32.542084409,2024-01-28 12:26:29.015792777,2.7655555555555558
User_31,2024-01-29 09:01:12.603773946,2024-01-29 13:14:38.199105254,4.223611111111111
User_31,2024-01-30 09:22:04.779161616,2024-01-30 15:28:02.744226088,6.099166666666667
User_32,2024-01-01 09:06:20.843229596,2024-01-01 14:41:56.121539159,5.593055555555556
User_32,2024-01-02 06:42:34.974280363,2024-01-02 11:31:29.652636565,4.815
User_32,2024-01-03 09:56:19.244249152,2024-01-03 17:30:01.423524879,7.5616666666666665
User_32,2024-01-04 06:10:21.701795476,2024-01-04 08:19:35.035151857,2.153611111111111
User_32,2024-01-05 06:31:36.894337745,2024-01-05 12:36:31.588069374,6.081666666666667
User_32,2024-01-06 09:16:16.108749940,2024-01-06 11:45:56.595180968,2.4944444444444445
User_32,2024-01-07 08:01:24.278778506,2024-01-07 14:54:29.995084388,6.884722222222222
User_32,2024-01-08 08:55:52.342244634,2024-01-08 13:43:36.719823028,4.795555555555556
User_32,2024-01-09 08:21:41.006742606,2024-01-09 12:55:11.692524896,4.558333333333334
User_32,2024-01-10 07:11:24.697698991,2024-01-10 12:08:43.251919038,4.955
User_32,2024-01-11 08:45:19.948349521,2024-01-11 15:52:07.685829213,7.1130555555555555
User_32,2024-01-12 08:32:42.595497301,2024-01-12 14:52:22.858230788,6.3277777777777775
User_32,2024-01-13 06:38:25.031543345,2024-01-13 10:52:16.279898723,4.230833333333333
User_32,2024-01-14 06:02:14.375325510,2024-01-14 08:45:50.682711454,2.7266666666666666
User_32,2024-01-15 08:54:21.048697627,2024-01-15 16:50:54.659471630,7.9425
User_32,2024-01-16 06:23:48.164634055,2024-01-16 10:12:25.821393759,3.810277777777778
User_32,2024-01-17 09:12:01.021949267,2024-01-17 11:37:42.719941915,2.4280555555555554
User_32,2024-01-18 08:13:13.223269952,2024-01-18 14:21:06.619929899,6.131388888888889
User_32,2024-01-19 08:27:50.190483746,2024-01-19 10:46:48.413796054,2.3161111111111112
User_32,2024-01-20 07:25:17.537789074,2024-01-20 13:54:29.090758106,6.4863888888888885
User_32,2024-01-21 08:13:00.861803501,2024-01-21 09:15:12.648064782,1.0363888888888888
User_32,2024-01-22 09:02:38.266944404,2024-01-22 10:17:28.113088898,1.2469444444444444
User_32,2024-01-23 08:58:58.566471329,2024-01-23 11:24:01.076587492,2.417222222222222
User_32,2024-01-24 09:49:56.258113719,2024-01-24 13:24:28.365046531,3.5755555555555554
User_32,2024-01-25 07:18:27.815275268,2024-01-25 09:20:59.794143645,2.0419444444444443
User_32,2024-01-26 07:13:20.700703059,2024-01-26 14:21:32.299901129,7.136388888888889
User_32,2024-01-27 09:59:07.214461832,2024-01-27 13:33:48.614630604,3.5780555555555558
User_32,2024-01-28 07:47:39.993085745,2024-01-28 13:50:56.180728453,6.054444444444444
User_32,2024-01-29 09:32:41.219238697,2024-01-29 14:41:45.936460203,5.151111111111111
User_32,2024-01-30 07:33:57.970053760,2024-01-30 11:27:16.040443145,3.888333333333333
User_33,2024-01-01 08:46:56.901309554,2024-01-01 09:48:18.001552381,1.0225
User_33,2024-01-02 08:28:42.086459421,2024-01-02 11:58:00.510322543,3.4883333333333333
User_33,2024-01-03 09:10:36.441570390,2024-01-03 10:49:39.805693932,1.6508333333333334
User_33,2024-01-04 08:21:10.112644056,2024-01-04 12:43:10.629469186,4.366666666666666
User_33,2024-01-05 08:34:09.487573035,2024-01-05 10:01:23.798154005,1.4538888888888888
User_33,2024-01-06 08:19:11.766538965,2024-01-06 13:15:01.178155544,4.9302777777777775
User_33,2024-01-07 08:14:33.505359592,2024-01-07 13:28:01.394557822,5.224166666666667
User_33,2024-01-08 08:42:21.138296059,2024-01-08 15:20:26.861088014,6.634722222222222
User_33,2024-01-09 07:04:45.418369846,2024-01-09 13:51:16.663506383,6.775277777777778
User_33,2024-01-10 07:59:34.881824593,2024-01-10 09:31:56.750458778,1.5391666666666666
User_33,2024-01-11 06:14:03.133381113,2024-01-11 09:34:25.939012253,3.3394444444444447
User_33,2024-01-12 09:08:22.516470405,2024-01-12 15:05:36.076025876,5.953611111111111
User_33,2024-01-13 09:09:16.055491282,2024-01-13 13:46:31.235713610,4.620833333333334
User_33,2024-01-14 07:45:38.865570559,2024-01-14 09:47:34.669243557,2.0319444444444446
User_33,2024-01-15 07:18:45.975651974,2024-01-15 11:21:03.263679555,4.038055555555555
User_33,2024-01-16 06:21:15.846187386,2024-01-16 08:53:55.267395708,2.5441666666666665
User_33,2024-01-17 08:23:34.444234517,2024-01-17 14:32:33.154713344,6.149444444444445
User_33,2024-01-18 09:59:36.204164058,2024-01-18 17:31:30.660113915,7.531666666666666
User_33,2024-01-19 08:34:12.938873306,2024-01-19 12:31:08.389816316,3.948611111111111
User_33,2024-01-20 08:32:40.954051798,2024-01-20 15:02:39.374827419,6.499444444444444
User_33,2024-01-21 06:28:24.041149296,2024-01-21 10:20:33.644369642,3.8691666666666666
User_33,2024-01-22 09:21:33.152913152,2024-01-22 13:02:45.743301864,3.6866666666666665
User_33,2024-01-23 08:17:14.960705671,2024-01-23 13:24:06.748599398,5.114166666666667
User_33,2024-01-24 06:44:16.458045124,2024-01-24 10:16:24.791174761,3.5355555555555553
User_33,2024-01-25 07:20:16.962557883,2024-01-25 08:31:17.119612891,1.1833333333333333
User_33,2024-01-26 06:05:48.361400035,2024-01-26 12:55:07.126900664,6.821666666666666
User_33,2024-01-27 07:05:32.219663608,2024-01-27 11:43:07.804572826,4.626388888888889
User_33,2024-01-28 07:11:41.648259678,2024-01-28 14:46:46.765236584,7.584722222222222
User_33,2024-01-29 07:02:13.873327667,2024-01-29 11:02:41.225008688,4.0075
User_33,2024-01-30 09:29:27.315606978,2024-01-30 16:23:04.041490131,6.8933333333333335
User_34,2024-01-01 06:44:39.860416986,2024-01-01 13:21:46.471823837,6.618333333333333
User_34,2024-01-02 07:49:57.891169025,2024-01-02 12:12:48.706745575,4.3805555555555555
User_34,2024-01-03 06:32:02.111602789,2024-01-03 08:05:53.269749468,1.5641666666666667
User_34,2024-01-04 08:54:42.326020422,2024-01-04 13:23:13.147059775,4.475
User_34,2024-01-05 07:44:50.650117658,2024-01-05 13:51:14.257479698,6.106388888888889
User_34,2024-01-06 09:03:43.385745471,2024-01-06 11:10:27.871570738,2.112222222222222
User_34,2024-01-07 08:26:27.242152478,2024-01-07 10:23:18.165025875,1.9472222222222222
User_34,2024-01-08 09:00:19.801238818,2024-01-08 14:36:15.071176749,5.598611111111111
User_34,2024-01-09 09:49:35.250543601,2024-01-09 11:18:32.992555782,1.4825
User_34,2024-01-10 06:13:41.587984578,2024-01-10 09:12:12.702266846,2.975277777777778
User_34,2024-01-11 07:02:48.561845797,2024-01-11 09:46:32.427582411,2.7286111111111113
User_34,2024-01-12 09:37:30.065959502,2024-01-12 12:22:18.630195709,2.7466666666666666
User_34,2024-01-13 07:05:16.076056252,2024-01-13 13:24:12.912269184,6.315555555555555
User_34,2024-01-14 07:47:56.253731287,2024-01-14 14:14:09.359766557,6.436944444444444
User_34,2024-01-15 06:15:41.272668927,2024-01-15 10:40:28.066749496,4.4127777777777775
User_34,2024-01-16 06:08:04.035842639,2024-01-16 07:34:22.896569713,1.4383333333333332
User_34,2024-01-17 09:37:32.699328159,2024-01-17 11:36:01.682680322,1.9744444444444444
User_34,2024-01-18 08:07:46.857824763,2024-01-18 12:00:26.467010300,3.8775
User_34,2024-01-19 07:23:21.743898127,2024-01-19 14:41:17.544209446,7.298611111111111
User_34,2024-01-20 06:05:14.256913567,2024-01-20 11:44:01.757005191,5.646388888888889
User_34,2024-01-21 09:51:12.879852675,2024-01-21 14:46:29.118075913,4.921111111111111
User_34,2024-01-22 09:44:50.243453276,2024-01-22 11:06:47.142011283,1.3655555555555556
User_34,2024-01-23 07:40:30.623794667,2024-01-23 10:29:46.600126910,2.8208333333333333
User_34,2024-01-24 08:55:23.821895722,2024-01-24 16:47:32.508576252,7.868888888888889
User_34,2024-01-25 07:01:34.032899197,2024-01-25 12:36:19.232856343,5.579166666666667
User_34,2024-01-26 06:47:32.605911740,2024-01-26 11:44:58.928326944,4.957222222222223
User_34,2024-01-27 07:51:20.627808312,2024-01-27 15:39:35.162115026,7.803888888888889
User_34,2024-01-28 08:26:02.792726829,2024-01-28 11:52:50.353303416,3.446388888888889
User_34,2024-01-29 06:27:22.979302386,2024-01-29 08:30:54.399386506,2.058611111111111
User_34,2024-01-30 06:54:04.563791297,2024-01-30 09:39:28.923657072,2.756666666666667
User_35,2024-01-01 09:24:08.871232912,2024-01-01 14:19:51.685497631,4.928333333333334
User_35,2024-01-02 08:05:36.829123790,2024-01-02 09:53:49.004694894,1.8033333333333332
User_35,2024-01-03 09:26:26.011584231,2024-01-03 15:30:00.932025084,6.059444444444445
User_35,2024-01-04 06:16:14.424411360,2024-01-04 12:13:31.868861550,5.954722222222222
User_35,2024-01-05 08:10:26.950329734,2024-01-05 09:44:46.429042552,1.5719444444444444
User_35,2024-01-06 07:49:59.529238012,2024-01-06 12:13:33.875673689,4.392777777777778
User_35,2024-01-07 06:39:47.153378351,2024-01-07 14:16:58.746682758,7.619722222222222
User_35,2024-01-08 09:23:59.645349321,2024-01-08 15:04:59.008250014,5.683055555555556
User_35,2024-01-09 07:50:57.056078408,2024-01-09 11:43:53.547726337,3.882222222222222
User_35,2024-01-10 08:36:14.017926973,2024-01-10 13:25:18.901036027,4.817777777777778
User_35,2024-01-11 06:14:56.732724699,2024-01-11 10:50:11.799473711,4.5875
User_35,2024-01-12 09:13:32.212088152,2024-01-12 13:26:25.057003595,4.214444444444444
User_35,2024-01-13 06:12:28.174716781,2024-01-13 12:42:42.385341258,6.503888888888889
User_35,2024-01-14 06:48:19.638462758,2024-01-14 09:36:56.883501936,2.810277777777778
User_35,2024-01-15 06:39:31.771489425,2024-01-15 09:58:13.191124186,3.3113888888888887
User_35,2024-01-16 09:01:37.221681916,2024-01-16 13:39:45.745341415,4.635555555555555
User_35,2024-01-17 06:49:10.290347770,2024-01-17 13:57:51.608317201,7.144722222222223
User_35,2024-01-18 09:31:05.978711302,2024-01-18 16:36:44.555022461,7.0938888888888885
User_35,2024-01-19 06:57:18.665443894,2024-01-19 11:06:49.896917254,4.158611111111111
User_35,2024-01-20 09:56:23.851048428,2024-01-20 16:20:38.565451439,6.403888888888889
User_35,2024-01-21 06:06:31.210865648,2024-01-21 07:33:54.366565412,1.456388888888889
User_35,2024-01-22 07:51:20.611826097,2024-01-22 15:13:12.961013808,7.364444444444445
User_35,2024-01-23 08:09:17.305890519,2024-01-23 12:38:22.181092983,4.484444444444445
User_35,2024-01-24 06:25:18.821279375,2024-01-24 12:01:09.679918427,5.597222222222222
User_35,2024-01-25 09:17:18.285512643,2024-01-25 12:57:04.869701833,3.662777777777778
User_35,2024-01-26 09:06:08.810653324,2024-01-26 16:51:13.622331624,7.751111111111111
User_35,2024-01-27 06:48:54.237011438,2024-01-27 11:28:42.143717545,4.663055555555555
User_35,2024-01-28 07:08:54.786596417,2024-01-28 13:41:54.717956069,6.549722222222222
User_35,2024-01-29 08:18:37.344468688,2024-01-29 13:45:08.821390955,5.441944444444444
User_35,2024-01-30 09:11:29.963898468,2024-01-30 12:57:48.419809561,3.7716666666666665
User_36,2024-01-01 09:39:37.296985061,2024-01-01 14:23:29.624439663,4.731111111111111
User_36,2024-01-02 06:37:54.549448829,2024-01-02 12:30:11.207226682,5.871111111111111
User_36,2024-01-03 09:10:22.963446310,2024-01-03 12:23:25.357708411,3.2172222222222224
User_36,2024-01-04 09:25:43.381300782,2024-01-04 16:46:18.191320879,7.342777777777778
User_36,2024-01-05 07:06:27.424618240,2024-01-05 14:59:32.165730663,7.884444444444444
User_36,2024-01-06 06:33:46.246003902,2024-01-06 08:58:37.040847644,2.4138888888888888
User_36,2024-01-07 06:44:12.837685027,2024-01-07 13:59:41.378377225,7.257777777777778
User_36,2024-01-08 08:37:01.812753479,2024-01-08 10:40:54.840690680,2.064722222222222
User_36,2024-01-09 07:45:40.657224504,2024-01-09 13:04:06.167456263,5.3069444444444445
User_36,2024-01-10 06:20:01.882823847,2024-01-10 13:30:38.775307711,7.176666666666667
User_36,2024-01-11 09:12:51.890910358,2024-01-11 13:45:03.101604489,4.536388888888889
User_36,2024-01-12 09:52:06.623259732,2024-01-12 13:47:34.199937464,3.924166666666667
User_36,2024-01-13 09:56:11.188594125,2024-01-13 15:36:42.772563976,5.675277777777778
User_36,2024-01-14 08:32:19.266334856,2024-01-14 10:42:01.329696309,2.1616666666666666
User_36,2024-01-15 09:31:39.759719586,2024-01-15 13:31:12.499855185,3.9922222222222223
User_36,2024-01-16 06:38:56.161043267,2024-01-16 07:44:13.870546656,1.0880555555555556
User_36,2024-01-17 08:14:20.481844392,2024-01-17 12:55:50.952321883,4.691666666666666
User_36,2024-01-18 08:52:38.692162115,2024-01-18 16:06:33.195098163,7.2316666666666665
User_36,2024-01-19 06:19:03.454818859,2024-01-19 12:26:17.166375436,6.120277777777778
User_36,2024-01-20 06:44:58.731995005,2024-01-20 13:45:24.793734565,7.0072222222222225
User_36,2024-01-21 09:16:34.514599607,2024-01-21 14:03:42.517225242,4.785555555555556
User_36,2024-01-22 08:50:27.496300175,2024-01-22 12:02:29.119152405,3.200277777777778
User_36,2024-01-23 07:53:04.817744632,2024-01-23 14:38:10.067566935,6.751388888888889
User_36,2024-01-24 07:50:13.418839294,2024-01-24 11:20:29.935125495,3.5044444444444443
User_36,2024-01-25 07:58:36.659240404,2024-01-25 14:46:28.540401821,6.7975
User_36,2024-01-26 07:20:26.995882140,2024-01-26 09:33:25.788029160,2.216111111111111
User_36,2024-01-27 08:50:53.001892763,2024-01-27 15:37:47.652853006,6.781666666666666
User_36,2024-01-28 06:24:09.179690738,2024-01-28 09:04:54.007332187,2.678888888888889
User_36,2024-01-29 06:34:04.396652558,2024-01-29 10:00:12.520224428,3.4355555555555557
User_36,2024-01-30 07:48:05.054096237,2024-01-30 14:02:35.477787712,6.241666666666666
User_37,2024-01-01 08:36:16.525222296,2024-01-01 13:57:03.925122752,5.346388888888889
User_37,2024-01-02 07:24:34.199231179,2024-01-02 14:17:58.677568914,6.89
User_37,2024-01-03 07:53:06.535210533,2024-01-03 15:44:19.979648514,7.853611111111111
User_37,2024-01-04 08:32:11.646791458,2024-01-04 10:25:13.518278883,1.8836111111111111
User_37,2024-01-05 08:42:16.956893886,2024-01-05 11:58:49.578082764,3.2755555555555556
User_37,2024-01-06 08:44:43.111632279,2024-01-06 10:13:58.068565971,1.4872222222222222
User_37,2024-01-07 06:41:58.292695333,2024-01-07 13:41:22.871619758,6.99
User_37,2024-01-08 06:54:31.385621138,2024-01-08 13:46:04.821977260,6.859166666666667
User_37,2024-01-09 07:07:01.575673743,2024-01-09 12:37:02.199807222,5.5
User_37,2024-01-10 08:46:35.768258541,2024-01-10 13:21:54.668037796,4.588333333333333
User_37,2024-01-11 07:13:16.473744432,2024-01-11 09:42:35.112028983,2.4883333333333333
User_37,2024-01-12 06:07:57.926705698,2024-01-12 09:15:37.376016964,3.1275
User_37,2024-01-13 08:36:45.544183650,2024-01-13 16:10:50.825608551,7.5680555555555555
User_37,2024-01-14 09:29:05.344544587,2024-01-14 15:50:50.176913276,6.362222222222222
User_37,2024-01-15 09:09:13.641742847,2024-01-15 14:48:31.261310442,5.654722222222222
User_37,2024-01-16 07:02:28.130748950,2024-01-16 14:23:29.445522736,7.3502777777777775
User_37,2024-01-17 08:40:58.545291444,2024-01-17 13:36:21.649192151,4.923055555555556
User_37,2024-01-18 06:26:38.248356674,2024-01-18 10:34:24.048060595,4.129166666666666
User_37,2024-01-19 07:50:29.159105307,2024-01-19 14:53:36.162065278,7.051944444444445
User_37,2024-01-20 08:11:11.734370704,2024-01-20 11:50:57.828204758,3.662777777777778
User_37,2024-01-21 09:54:25.924730553,2024-01-21 11:40:56.083682376,1.775
User_37,2024-01-22 07:41:24.697367692,2024-01-22 08:59:03.719182011,1.2941666666666667
User_37,2024-01-23 08:57:34.619339043,2024-01-23 16:23:10.148454461,7.426388888888889
User_37,2024-01-24 07:07:12.537545527,2024-01-24 14:07:42.747800864,7.008333333333334
User_37,2024-01-25 07:10:07.942518651,2024-01-25 14:32:39.350592077,7.375277777777778
User_37,2024-01-26 09:00:57.051411793,2024-01-26 15:39:00.702188197,6.634166666666666
User_37,2024-01-27 06:04:19.294400646,2024-01-27 13:48:42.115398911,7.739444444444445
User_37,2024-01-28 08:54:24.062285812,2024-01-28 12:02:23.789889542,3.1330555555555555
User_37,2024-01-29 09:19:03.283173967,2024-01-29 12:17:17.617374023,2.9705555555555554
User_37,2024-01-30 09:29:27.655289752,2024-01-30 11:16:44.681128132,1.7880555555555555
User_38,2024-01-01 08:48:53.078075435,2024-01-01 13:35:58.679686886,4.784722222222222
User_38,2024-01-02 06:23:10.096370814,2024-01-02 09:04:45.820842936,2.6930555555555555
User_38,2024-01-03 06:02:58.618122393,2024-01-03 10:19:51.570852098,4.2811111111111115
User_38,2024-01-04 07:12:18.219754944,2024-01-04 12:23:36.828359247,5.1883333333333335
User_38,2024-01-05 07:11:20.224431004,2024-01-05 10:17:18.186040980,3.0991666666666666
User_38,2024-01-06 08:58:21.982061735,2024-01-06 10:18:35.181528389,1.3369444444444445
User_38,2024-01-07 09:36:41.687930764,2024-01-07 16:34:38.737565421,6.965833333333333
User_38,2024-01-08 08:40:16.387438460,2024-01-08 13:49:25.571005166,5.1525
User_38,2024-01-09 09:34:09.155973210,2024-01-09 11:51:59.476497333,2.297222222222222
User_38,2024-01-10 06:18:57.155935547,2024-01-10 08:59:32.812217267,2.676388888888889
User_38,2024-01-11 09:10:41.927213282,2024-01-11 10:25:15.617934789,1.2425
User_38,2024-01-12 08:19:52.418425202,2024-01-12 16:17:57.443833223,7.968055555555556
User_38,2024-01-13 09:25:22.023751260,2024-01-13 14:04:22.455115158,4.65
User_38,2024-01-14 06:15:16.429093727,2024-01-14 13:04:27.041656246,6.819444444444445
User_38,2024-01-15 08:23:45.290517751,2024-01-15 10:12:01.602043652,1.8044444444444445
User_38,2024-01-16 06:22:31.544901456,2024-01-16 13:44:34.140751258,7.367222222222222
User_38,2024-01-17 08:40:36.483786308,2024-01-17 15:28:54.511129090,6.805
User_38,2024-01-18 09:30:57.296164064,2024-01-18 14:31:05.959435681,5.002222222222223
User_38,2024-01-19 08:04:11.227465272,2024-01-19 12:04:57.998205360,4.012777777777778
User_38,2024-01-20 07:16:04.030864192,2024-01-20 11:18:35.849077831,4.041944444444445
User_38,2024-01-21 09:05:43.867042514,2024-01-21 14:18:32.337504095,5.213333333333333
User_38,2024-01-22 09:34:12.335375349,2024-01-22 13:40:25.511737704,4.103611111111111
User_38,2024-01-23 08:25:42.089933550,2024-01-23 13:50:51.040271468,5.418888888888889
User_38,2024-01-24 08:22:00.439137211,2024-01-24 14:17:06.810218966,5.918333333333333
User_38,2024-01-25 06:56:59.041944597,2024-01-25 11:32:10.609138750,4.586388888888889
User_38,2024-01-26 06:25:00.837160440,2024-01-26 10:06:30.522617089,3.691388888888889
User_38,2024-01-27 07:57:02.405788146,2024-01-27 13:30:58.457128691,5.565555555555555
User_38,2024-01-28 09:48:07.647157241,2024-01-28 15:00:24.054034259,5.204444444444444
User_38,2024-01-29 08:58:27.752392942,2024-01-29 13:31:05.657092221,4.543611111111111
User_38,2024-01-30 08:32:11.098051819,2024-01-30 10:01:58.589898390,1.496388888888889
User_39,2024-01-01 07:01:03.238764122,2024-01-01 10:33:01.936712891,3.5327777777777776
User_39,2024-01-02 07:53:23.904312093,2024-01-02 09:12:34.252698753,1.3194444444444444
User_39,2024-01-03 06:33:36.347004767,2024-01-03 09:29:52.067561107,2.9375
User_39,2024-01-04 09:53:10.070748975,2024-01-04 13:12:20.015327971,3.319166666666667
User_39,2024-01-05 07:55:41.391236813,2024-01-05 10:18:03.053597820,2.3725
User_39,2024-01-06 08:26:35.233023491,2024-01-06 11:24:28.450054493,2.964722222222222
User_39,2024-01-07 06:49:40.693129513,2024-01-07 11:26:38.323366351,4.615833333333334
User_39,2024-01-08 06:01:19.283507910,2024-01-08 07:04:32.417130670,1.053611111111111
User_39,2024-01-09 06:52:34.590851066,2024-01-09 08:07:59.969186086,1.2569444444444444
User_39,2024-01-10 06:25:55.570859481,2024-01-10 09:48:14.859222817,3.3719444444444444
User_39,2024-01-11 09:12:37.233785949,2024-01-11 14:12:52.859598855,5.004166666666666
User_39,2024-01-12 08:03:02.415253772,2024-01-12 11:06:18.333598616,3.0541666666666667
User_39,2024-01-13 09:43:37.253559832,2024-01-13 13:30:22.032599009,3.778888888888889
User_39,2024-01-14 06:20:54.135841859,2024-01-14 11:40:04.212048027,5.319444444444445
User_39,2024-01-15 06:27:19.272866063,2024-01-15 09:52:18.896064665,3.4163888888888887
User_39,2024-01-16 08:01:46.731917536,2024-01-16 15:08:57.139539602,7.1194444444444445
User_39,2024-01-17 07:58:27.070756897,2024-01-17 13:53:23.991660894,5.915555555555556
User_39,2024-01-18 09:58:16.562481586,2024-01-18 11:53:30.088303015,1.9202777777777778
User_39,2024-01-19 07:05:56.133967481,2024-01-19 10:51:39.451072541,3.7619444444444445
User_39,2024-01-20 07:41:14.325770959,2024-01-20 11:33:52.056867650,3.8769444444444443
User_39,2024-01-21 09:37:49.598436814,2024-01-21 15:37:43.221077378,5.998055555555555
User_39,2024-01-22 08:25:53.835082906,2024-01-22 11:35:50.027573048,3.1655555555555557
User_39,2024-01-23 09:17:42.581532786,2024-01-23 16:58:50.106422207,7.685277777777777
User_39,2024-01-24 09:17:05.255268723,2024-01-24 10:17:44.695919548,1.0108333333333333
User_39,2024-01-25 08:32:44.179730641,2024-01-25 09:54:12.791342981,1.3577777777777778
User_39,2024-01-26 07:01:49.543972805,2024-01-26 08:26:49.566421568,1.4166666666666667
User_39,2024-01-27 08:24:54.654522471,2024-01-27 14:13:16.720342484,5.806111111111111
User_39,2024-01-28 06:27:28.621988149,2024-01-28 10:08:41.361840882,3.6866666666666665
User_39,2024-01-29 07:49:29.805728959,2024-01-29 11:24:29.941877334,3.5833333333333335
User_39,2024-01-30 06:29:02.760006986,2024-01-30 10:25:00.244319710,3.9325
User_40,2024-01-01 09:00:16.963888441,2024-01-01 10:30:06.357034679,1.4969444444444444
User_40,2024-01-02 06:19:14.592202779,2024-01-02 09:48:14.828757045,3.4833333333333334
User_40,2024-01-03 09:46:00.850247312,2024-01-03 15:26:48.880944729,5.68
User_40,2024-01-04 08:42:52.847376084,2024-01-04 12:14:53.231145198,3.533333333333333
User_40,2024-01-05 08:22:28.715393402,2024-01-05 09:26:44.021230901,1.0708333333333333
User_40,2024-01-06 08:32:39.783068297,2024-01-06 15:56:14.614147218,7.392777777777778
User_40,2024-01-07 08:27:01.057944165,2024-01-07 15:33:58.262499516,7.115833333333334
User_40,2024-01-08 08:53:45.211998711,2024-01-08 10:44:23.284092083,1.843888888888889
User_40,2024-01-09 09:36:35.327624916,2024-01-09 11:04:29.712502681,1.465
User_40,2024-01-10 08:08:09.131604687,2024-01-10 10:07:50.987124282,1.9947222222222223
User_40,2024-01-11 06:02:48.575194525,2024-01-11 10:00:03.838549741,3.9541666666666666
User_40,2024-01-12 07:10:48.586190219,2024-01-12 11:34:55.798633918,4.401944444444444
User_40,2024-01-13 08:18:31.678368977,2024-01-13 09:36:53.902991162,1.306111111111111
User_40,2024-01-14 06:29:31.247449781,2024-01-14 11:24:09.035840331,4.910277777777778
User_40,2024-01-15 07:22:21.609885686,2024-01-15 13:28:36.781771932,6.104166666666667
User_40,2024-01-16 08:36:32.999739723,2024-01-16 15:31:42.229687068,6.9191666666666665
User_40,2024-01-17 08:46:11.896704036,2024-01-17 12:46:46.159854267,4.009444444444444
User_40,2024-01-18 08:41:30.719362479,2024-01-18 11:37:10.324953715,2.9275
User_40,2024-01-19 07:13:30.914382406,2024-01-19 13:44:53.340412409,6.522777777777778
User_40,2024-01-20 07:47:08.441036182,2024-01-20 14:22:27.625617244,6.588611111111111
User_40,2024-01-21 09:17:22.882180823,2024-01-21 16:17:33.453089887,7.002777777777778
User_40,2024-01-22 09:39:59.547396113,2024-01-22 13:41:00.374953048,4.016666666666667
User_40,2024-01-23 07:16:31.682183824,2024-01-23 12:21:03.090597995,5.075277777777778
User_40,2024-01-24 07:29:04.882897501,2024-01-24 12:41:31.951900866,5.2075
User_40,2024-01-25 08:49:20.436422071,2024-01-25 14:38:28.242888072,5.818611111111111
User_40,2024-01-26 07:29:53.561573089,2024-01-26 09:39:58.438655897,2.167777777777778
User_40,2024-01-27 07:43:19.622473855,2024-01-27 09:43:12.994904719,1.9980555555555555
User_40,2024-01-28 09:33:37.397306646,2024-01-28 12:58:53.509317240,3.421111111111111
User_40,2024-01-29 06:37:04.220360015,2024-01-29 07:47:45.503909639,1.1780555555555556
User_40,2024-01-30 08:34:59.842362525,2024-01-30 14:02:29.780762384,5.458055555555555
User_41,2024-01-01 07:21:44.699998770,2024-01-01 08:51:51.839597730,1.5019444444444445
User_41,2024-01-02 07:38:18.656086491,2024-01-02 10:49:01.336962088,3.1783333333333332
User_41,2024-01-03 08:42:30.537212184,2024-01-03 13:56:56.174298391,5.240277777777778
User_41,2024-01-04 07:27:30.149686044,2024-01-04 09:59:01.042053269,2.525
User_41,2024-01-05 09:57:07.717912640,2024-01-05 14:07:48.558766782,4.177777777777778
User_41,2024-01-06 08:45:11.148995235,2024-01-06 10:44:13.083778209,1.9836111111111112
User_41,2024-01-07 07:56:32.491675095,2024-01-07 09:08:06.417015805,1.1925
User_41,2024-01-08 08:01:18.553697910,2024-01-08 15:46:11.792357276,7.748055555555555
User_41,2024-01-09 07:32:12.576666995,2024-01-09 08:48:35.276183882,1.2727777777777778
User_41,2024-01-10 06:07:25.763389238,2024-01-10 09:50:23.029739899,3.7158333333333333
User_41,2024-01-11 06:38:24.359085069,2024-01-11 07:48:12.831912539,1.1633333333333333
User_41,2024-01-12 09:01:29.476040882,2024-01-12 13:14:04.255864705,4.209444444444444
User_41,2024-01-13 07:09:25.124716406,2024-01-13 14:27:27.220928421,7.3005555555555555
User_41,2024-01-14 06:27:52.401026887,2024-01-14 14:09:21.555516561,7.691388888888889
User_41,2024-01-15 07:15:21.120730233,2024-01-15 14:28:28.893272411,7.2186111111111115
User_41,2024-01-16 08:24:42.377421304,2024-01-16 15:11:55.402886789,6.786944444444444
User_41,2024-01-17 09:56:09.789550230,2024-01-17 12:57:17.606583262,3.018611111111111
User_41,2024-01-18 09:50:40.350989869,2024-01-18 13:34:15.294741409,3.726111111111111
User_41,2024-01-19 07:32:31.371428211,2024-01-19 10:55:29.126455424,3.3825
User_41,2024-01-20 08:09:56.269545805,2024-01-20 10:14:40.724633902,2.078888888888889
User_41,2024-01-21 08:12:53.445389155,2024-01-21 13:00:24.406661887,4.791666666666667
User_41,2024-01-22 09:02:51.386101510,2024-01-22 15:52:59.365142337,6.835277777777778
User_41,2024-01-23 07:45:42.355444498,2024-01-23 10:52:41.153328155,3.116111111111111
User_41,2024-01-24 07:02:14.422521366,2024-01-24 09:23:58.943206328,2.362222222222222
User_41,2024-01-25 06:13:50.125183665,2024-01-25 09:37:39.814250299,3.3969444444444443
User_41,2024-01-26 07:04:51.566766683,2024-01-26 14:50:45.284890516,7.764722222222222
User_41,2024-01-27 08:13:51.007098000,2024-01-27 11:39:42.388481568,3.430833333333333
User_41,2024-01-28 08:19:18.733454309,2024-01-28 10:17:46.490328220,1.9741666666666666
User_41,2024-01-29 07:46:34.229988511,2024-01-29 13:09:35.334888321,5.383611111111111
User_41,2024-01-30 07:57:20.128777811,2024-01-30 11:46:04.954554299,3.812222222222222
User_42,2024-01-01 09:58:31.416800155,2024-01-01 17:08:15.348806307,7.161944444444444
User_42,2024-01-02 08:29:37.045797495,2024-01-02 13:28:45.355299288,4.985555555555556
User_42,2024-01-03 08:28:57.510909474,2024-01-03 10:53:30.576026599,2.4091666666666667
User_42,2024-01-04 07:34:49.983503006,2024-01-04 08:51:24.363731856,1.2761111111111112
User_42,2024-01-05 07:54:07.862939810,2024-01-05 12:42:12.082455543,4.801111111111111
User_42,2024-01-06 06:54:39.596199886,2024-01-06 14:39:33.123148456,7.748055555555555
User_42,2024-01-07 09:38:16.146397496,2024-01-07 15:41:34.155930984,6.055
User_42,2024-01-08 08:08:00.767454221,2024-01-08 15:13:23.990277342,7.089722222222222
User_42,2024-01-09 06:31:21.393751057,2024-01-09 13:03:22.240566784,6.533333333333333
User_42,2024-01-10 06:29:57.419721122,2024-01-10 13:03:31.528417367,6.559444444444445
User_42,2024-01-11 07:06:11.052982819,2024-01-11 14:14:33.735624477,7.139444444444444
User_42,2024-01-12 09:46:34.206151085,2024-01-12 11:49:03.864580093,2.0413888888888887
User_42,2024-01-13 07:51:02.528712941,2024-01-13 15:43:03.410642640,7.866666666666666
User_42,2024-01-14 07:56:01.067078013,2024-01-14 14:58:42.464645379,7.044722222222222
User_42,2024-01-15 08:21:17.733918691,2024-01-15 11:58:56.047598264,3.627222222222222
User_42,2024-01-16 07:08:35.283199572,2024-01-16 09:33:56.505094941,2.4225
User_42,2024-01-17 09:02:49.893955838,2024-01-17 12:45:10.714727778,3.7055555555555557
User_42,2024-01-18 08:02:42.366655690,2024-01-18 12:29:28.968751719,4.446111111111111
User_42,2024-01-19 08:18:32.818020957,2024-01-19 15:22:05.362090695,7.058888888888889
User_42,2024-01-20 09:55:22.646547601,2024-01-20 13:46:33.768603661,3.8530555555555557
User_42,2024-01-21 09:18:36.272478330,2024-01-21 15:39:42.372903628,6.351666666666667
User_42,2024-01-22 08:17:38.816900960,2024-01-22 15:59:11.204919980,7.692222222222222
User_42,2024-01-23 06:48:06.833023609,2024-01-23 08:34:00.291123411,1.7647222222222223
User_42,2024-01-24 09:24:57.052324158,2024-01-24 13:29:23.627703328,4.073888888888889
User_42,2024-01-25 09:23:16.351500581,2024-01-25 16:38:22.224671505,7.251388888888889
User_42,2024-01-26 06:14:59.389348114,2024-01-26 13:26:02.701375362,7.184166666666667
User_42,2024-01-27 07:47:35.794397319,2024-01-27 12:21:58.693120225,4.572777777777778
User_42,2024-01-28 08:30:22.932159742,2024-01-28 15:59:27.773849340,7.484444444444445
User_42,2024-01-29 06:04:35.271759788,2024-01-29 10:24:51.727161396,4.337777777777778
User_42,2024-01-30 08:45:03.197411000,2024-01-30 14:48:35.412744995,6.058888888888889
User_43,2024-01-01 08:46:12.467014134,2024-01-01 10:42:40.232275218,1.9408333333333334
User_43,2024-01-02 07:11:51.296472552,2024-01-02 10:42:30.927713060,3.5108333333333333
User_43,2024-01-03 09:13:03.895790584,2024-01-03 12:10:08.644575430,2.951111111111111
User_43,2024-01-04 06:50:34.151479687,2024-01-04 14:32:41.841559447,7.701944444444444
User_43,2024-01-05 06:02:07.631305633,2024-01-05 14:01:12.716868818,7.9847222222222225
User_43,2024-01-06 08:42:26.226703546,2024-01-06 15:30:23.653049663,6.799166666666666
User_43,2024-01-07 07:10:42.519307385,2024-01-07 08:16:43.264304594,1.1
User_43,2024-01-08 08:57:05.321067286,2024-01-08 15:47:25.764911703,6.838888888888889
User_43,2024-01-09 08:57:42.856300130,2024-01-09 10:57:42.683540111,1.9997222222222222
User_43,2024-01-10 09:00:49.362080500,2024-01-10 15:23:46.216189612,6.3822222222222225
User_43,2024-01-11 08:38:02.983425648,2024-01-11 14:59:49.104932096,6.362777777777778
User_43,2024-01-12 09:23:01.268731359,2024-01-12 14:40:44.092410142,5.295
User_43,2024-01-13 06:21:15.907881163,2024-01-13 10:46:04.128684776,4.413333333333333
User_43,2024-01-14 06:18:38.150419271,2024-01-14 10:09:48.234801288,3.852777777777778
User_43,2024-01-15 07:37:42.333443409,2024-01-15 09:05:25.781515743,1.4619444444444445
User_43,2024-01-16 07:23:43.015689160,2024-01-16 09:10:20.167778701,1.7769444444444444
User_43,2024-01-17 09:13:58.587024132,2024-01-17 16:52:00.325278436,7.633611111111111
User_43,2024-01-18 06:17:21.357243714,2024-01-18 13:58:30.260467464,7.685555555555555
User_43,2024-01-19 08:05:25.103030449,2024-01-19 11:11:14.158114886,3.0969444444444445
User_43,2024-01-20 06:18:26.813883976,2024-01-20 10:48:42.545439350,4.504166666666666
User_43,2024-01-21 09:10:41.023840666,2024-01-21 15:07:39.603067786,5.9494444444444445
User_43,2024-01-22 06:12:03.254565081,2024-01-22 07:42:40.380816352,1.5102777777777778
User_43,2024-01-23 07:36:41.375269909,2024-01-23 10:40:42.695719917,3.0669444444444443
User_43,2024-01-24 06:55:46.334252007,2024-01-24 09:53:47.647624506,2.9669444444444446
User_43,2024-01-25 09:12:50.151503475,2024-01-25 16:43:06.698454997,7.504444444444444
User_43,2024-01-26 07:37:13.478801196,2024-01-26 14:57:47.476054934,7.3425
User_43,2024-01-27 07:17:09.538097969,2024-01-27 11:37:15.750153832,4.335
User_43,2024-01-28 06:54:14.817568550,2024-01-28 12:23:14.813831381,5.483055555555556
User_43,2024-01-29 09:54:57.328058517,2024-01-29 15:08:25.354078810,5.224444444444444
User_43,2024-01-30 07:25:52.522811235,2024-01-30 12:57:57.522450196,5.5344444444444445
User_44,2024-01-01 06:29:30.057769901,2024-01-01 13:42:44.266592589,7.220555555555555
User_44,2024-01-02 08:00:44.408891229,2024-01-02 12:09:28.022390627,4.145277777777777
User_44,2024-01-03 08:20:36.452953730,2024-01-03 13:43:01.006296022,5.373333333333333
User_44,2024-01-04 06:17:13.571609661,2024-01-04 12:03:55.525584490,5.7780555555555555
User_44,2024-01-05 06:58:03.816196543,2024-01-05 12:57:55.422535709,5.9975
User_44,2024-01-06 09:17:24.501039132,2024-01-06 15:55:04.255429455,6.6275
User_44,2024-01-07 08:12:36.013930673,2024-01-07 12:51:04.295216903,4.641111111111111
User_44,2024-01-08 06:34:17.413843287,2024-01-08 12:59:56.136833446,6.427222222222222
User_44,2024-01-09 07:05:08.295078432,2024-01-09 11:33:45.019733444,4.476666666666667
User_44,2024-01-10 07:08:13.546938156,2024-01-10 09:04:26.021685748,1.9366666666666668
User_44,2024-01-11 08:31:05.630835241,2024-01-11 09:53:54.798112778,1.3802777777777777
User_44,2024-01-12 08:59:40.491371417,2024-01-12 12:13:03.678611997,3.2230555555555553
User_44,2024-01-13 06:00:01.939579264,2024-01-13 10:34:42.393888042,4.5777777777777775
User_44,2024-01-14 06:11:14.667482797,2024-01-14 09:07:14.140339883,2.9330555555555557
User_44,2024-01-15 08:49:40.461419362,2024-01-15 10:16:00.239884233,1.438611111111111
User_44,2024-01-16 09:21:26.474289926,2024-01-16 10:23:02.736340922,1.0266666666666666
User_44,2024-01-17 06:59:14.263716507,2024-01-17 13:10:25.045931539,6.186111111111111
User_44,2024-01-18 07:15:54.290156102,2024-01-18 08:58:41.978335365,1.7130555555555556
User_44,2024-01-19 07:26:27.368430726,2024-01-19 10:20:01.279247616,2.8925
User_44,2024-01-20 09:22:15.051391111,2024-01-20 12:33:51.418914256,3.1933333333333334
User_44,2024-01-21 09:09:20.627593574,2024-01-21 16:23:55.805642804,7.243055555555555
User_44,2024-01-22 07:44:06.970841902,2024-01-22 15:06:17.538067032,7.3694444444444445
User_44,2024-01-23 07:30:33.379977069,2024-01-23 15:15:28.156072619,7.748333333333333
User_44,2024-01-24 06:21:25.769153168,2024-01-24 12:09:58.654669049,5.808888888888889
User_44,2024-01-25 07:58:30.922182579,2024-01-25 11:41:19.672080061,3.7133333333333334
User_44,2024-01-26 08:31:51.051053979,2024-01-26 14:27:28.249763164,5.926944444444445
User_44,2024-01-27 06:01:02.831082964,2024-01-27 08:11:10.048919393,2.1686111111111113
User_44,2024-01-28 08:51:07.863129134,2024-01-28 14:31:00.775551304,5.664444444444444
User_44,2024-01-29 09:51:51.084073852,2024-01-29 16:11:29.236388171,6.327222222222222
User_44,2024-01-30 09:48:11.126991331,2024-01-30 15:43:15.147630008,5.917777777777777
User_45,2024-01-01 07:11:31.951804407,2024-01-01 08:55:47.147845128,1.7375
User_45,2024-01-02 09:07:38.263632167,2024-01-02 14:38:10.824013360,5.5088888888888885
User_45,2024-01-03 06:11:33.878578463,2024-01-03 09:42:47.150319167,3.520277777777778
User_45,2024-01-04 09:49:37.917342973,2024-01-04 14:19:48.026214870,4.502777777777778
User_45,2024-01-05 07:43:51.299558683,2024-01-05 11:56:05.329608697,4.203888888888889
User_45,2024-01-06 06:50:07.911225674,2024-01-06 10:24:59.331931466,3.5808333333333335
User_45,2024-01-07 07:28:45.310886215,2024-01-07 08:50:44.657394939,1.3663888888888889
User_45,2024-01-08 09:04:12.973850658,2024-01-08 12:59:08.885534635,3.915277777777778
User_45,2024-01-09 09:17:19.390370156,2024-01-09 16:14:28.159998377,6.952222222222222
User_45,2024-01-10 06:50:52.714387660,2024-01-10 12:26:58.022138347,5.601388888888889
User_45,2024-01-11 07:53:20.857979946,2024-01-11 15:03:00.807775567,7.160833333333334
User_45,2024-01-12 06:51:46.665780140,2024-01-12 12:36:27.558427953,5.7444444444444445
User_45,2024-01-13 08:25:51.630560439,2024-01-13 11:29:53.227795249,3.0669444444444443
User_45,2024-01-14 06:32:47.053012576,2024-01-14 12:06:28.374976603,5.561388888888889
User_45,2024-01-15 08:57:15.803397105,2024-01-15 12:09:49.612459941,3.2091666666666665
User_45,2024-01-16 08:34:45.589497921,2024-01-16 12:20:42.888369730,3.765833333333333
User_45,2024-01-17 08:51:10.179119269,2024-01-17 11:14:50.404046599,2.3944444444444444
User_45,2024-01-18 09:33:39.096037960,2024-01-18 12:34:21.817868892,3.0116666666666667
User_45,2024-01-19 07:28:16.118223688,2024-01-19 08:52:40.035416112,1.406388888888889
User_45,2024-01-20 06:26:45.775857426,2024-01-20 11:03:25.495805776,4.610833333333333
User_45,2024-01-21 07:04:13.334544882,2024-01-21 13:55:07.436233585,6.848333333333334
User_45,2024-01-22 06:03:31.584796631,2024-01-22 09:42:44.754823163,3.653611111111111
User_45,2024-01-23 07:20:57.775873474,2024-01-23 08:29:04.832172597,1.1352777777777778
User_45,2024-01-24 06:29:50.904945607,2024-01-24 10:23:34.700353556,3.895277777777778
User_45,2024-01-25 07:58:17.250016043,2024-01-25 11:48:05.351646865,3.83
User_45,2024-01-26 08:07:25.502569134,2024-01-26 13:17:22.820776757,5.1658333333333335
User_45,2024-01-27 06:02:22.903024240,2024-01-27 10:17:18.101042468,4.248611111111111
User_45,2024-01-28 09:51:14.389068781,2024-01-28 14:29:14.002528045,4.633055555555556
User_45,2024-01-29 08:42:36.608651408,2024-01-29 11:53:35.577870913,3.182777777777778
User_45,2024-01-30 09:05:45.475845399,2024-01-30 15:30:23.097188677,6.410277777777778
User_46,2024-01-01 08:05:06.663086219,2024-01-01 15:55:02.211432855,7.831944444444445
User_46,2024-01-02 06:30:07.923092582,2024-01-02 07:37:15.004247799,1.118611111111111
User_46,2024-01-03 09:04:50.278249302,2024-01-03 15:43:50.597790897,6.65
User_46,2024-01-04 06:28:50.984099336,2024-01-04 09:20:23.671489892,2.858888888888889
User_46,2024-01-05 06:04:12.754032479,2024-01-05 09:07:24.131024149,3.0530555555555554
User_46,2024-01-06 09:05:33.242984428,2024-01-06 13:43:05.848282784,4.625555555555556
User_46,2024-01-07 07:23:32.576541623,2024-01-07 10:59:40.406773262,3.6019444444444444
User_46,2024-01-08 06:00:19.492210302,2024-01-08 09:06:14.465504945,3.098333333333333
User_46,2024-01-09 08:35:09.005879586,2024-01-09 16:24:18.705863758,7.819166666666667
User_46,2024-01-10 09:23:17.675908568,2024-01-10 10:33:12.269017635,1.165
User_46,2024-01-11 09:35:39.272707317,2024-01-11 16:04:35.872722442,6.482222222222222
User_46,2024-01-12 09:07:17.416179422,2024-01-12 13:19:38.909306312,4.2058333333333335
User_46,2024-01-13 07:35:31.276218544,2024-01-13 10:42:44.752585140,3.120277777777778
User_46,2024-01-14 06:15:46.005968942,2024-01-14 08:51:37.537128983,2.5975
User_46,2024-01-15 06:59:11.092343683,2024-01-15 11:22:29.834500380,4.388333333333334
User_46,2024-01-16 08:59:23.199454992,2024-01-16 13:18:23.207130620,4.316666666666666
User_46,2024-01-17 06:13:52.960072039,2024-01-17 13:56:09.263056941,7.704444444444444
User_46,2024-01-18 09:46:15.230194955,2024-01-18 16:16:02.006682294,6.496111111111111
User_46,2024-01-19 09:57:55.121782524,2024-01-19 14:46:36.076569090,4.811111111111111
User_46,2024-01-20 09:51:03.864243646,2024-01-20 11:22:49.111267188,1.5291666666666666
User_46,2024-01-21 07:27:45.802774963,2024-01-21 10:02:25.410728733,2.5775
User_46,2024-01-22 06:46:59.996411533,2024-01-22 08:46:08.230723628,1.9855555555555555
User_46,2024-01-23 08:29:22.756438550,2024-01-23 14:57:32.067203382,6.469166666666666
User_46,2024-01-24 08:18:47.496951653,2024-01-24 10:20:30.957233275,2.028611111111111
User_46,2024-01-25 09:14:40.182287041,2024-01-25 14:41:46.240907566,5.451666666666667
User_46,2024-01-26 07:33:09.586168228,2024-01-26 13:16:17.669615736,5.7188888888888885
User_46,2024-01-27 07:02:22.631701096,2024-01-27 10:27:21.475355150,3.4161111111111113
User_46,2024-01-28 09:40:11.796141100,2024-01-28 12:42:12.509684019,3.033333333333333
User_46,2024-01-29 07:52:47.831061474,2024-01-29 15:06:39.387723853,7.230833333333333
User_46,2024-01-30 08:49:51.187443852,2024-01-30 10:15:58.708743202,1.4352777777777779
User_47,2024-01-01 06:35:21.163837617,2024-01-01 07:38:38.771925069,1.0547222222222221
User_47,2024-01-02 08:31:25.273779299,2024-01-02 12:39:26.644099641,4.133611111111111
User_47,2024-01-03 06:32:13.557852992,2024-01-03 14:14:33.497703622,7.705277777777778
User_47,2024-01-04 08:07:07.100024816,2024-01-04 10:48:42.811036460,2.6930555555555555
User_47,2024-01-05 08:00:08.691424627,2024-01-05 13:45:35.123809551,5.7572222222222225
User_47,2024-01-06 06:18:17.844738819,2024-01-06 09:13:40.380878025,2.9227777777777777
User_47,2024-01-07 09:13:40.303068729,2024-01-07 13:26:43.857802876,4.2175
User_47,2024-01-08 08:11:10.710845265,2024-01-08 12:12:57.674100943,4.029444444444445
User_47,2024-01-09 06:10:32.159174059,2024-01-09 08:20:09.053625526,2.16
User_47,2024-01-10 07:46:55.799597883,2024-01-10 10:14:47.273326162,2.464166666666667
User_47,2024-01-11 06:11:59.698012699,2024-01-11 13:06:19.669546804,6.905277777777778
User_47,2024-01-12 09:55:29.172419963,2024-01-12 16:28:36.372844680,6.551944444444445
User_47,2024-01-13 09:24:54.502872547,2024-01-13 12:06:32.326556536,2.693611111111111
User_47,2024-01-14 09:50:33.028447390,2024-01-14 12:13:15.556199616,2.3783333333333334
User_47,2024-01-15 09:48:20.589269210,2024-01-15 17:46:10.035477151,7.963611111111111
User_47,2024-01-16 08:50:48.808402743,2024-01-16 16:42:53.630443896,7.8677777777777775
User_47,2024-01-17 08:16:41.372825766,2024-01-17 11:05:41.825761803,2.816666666666667
User_47,2024-01-18 07:44:52.740753584,2024-01-18 12:54:10.476325129,5.154722222222222
User_47,2024-01-19 06:17:32.374493189,2024-01-19 11:38:55.424761543,5.356388888888889
User_47,2024-01-20 09:55:28.960849377,2024-01-20 12:15:19.673623926,2.3305555555555557
User_47,2024-01-21 09:10:13.369674552,2024-01-21 16:31:32.419277798,7.355277777777777
User_47,2024-01-22 09:46:29.302936611,2024-01-22 17:29:44.720167628,7.720833333333333
User_47,2024-01-23 08:05:09.018797589,2024-01-23 15:55:37.178078974,7.841111111111111
User_47,2024-01-24 09:01:45.266982735,2024-01-24 11:09:39.387175906,2.131666666666667
User_47,2024-01-25 07:54:27.361533138,2024-01-25 13:56:09.307152512,6.0280555555555555
User_47,2024-01-26 06:59:21.700547794,2024-01-26 12:28:25.203173225,5.484166666666667
User_47,2024-01-27 08:39:59.046898271,2024-01-27 10:48:19.080442246,2.138888888888889
User_47,2024-01-28 08:15:37.228499319,2024-01-28 14:39:42.226655979,6.401111111111111
User_47,2024-01-29 07:59:44.097569317,2024-01-29 09:04:49.096112074,1.0844444444444445
User_47,2024-01-30 06:02:10.153954741,2024-01-30 09:32:07.293422785,3.4991666666666665
User_48,2024-01-01 09:42:17.194585417,2024-01-01 12:18:19.849431427,2.6005555555555557
User_48,2024-01-02 08:32:14.837119752,2024-01-02 11:05:31.149061223,2.5544444444444445
User_48,2024-01-03 07:17:12.047851097,2024-01-03 14:13:22.708509054,6.936111111111111
User_48,2024-01-04 08:54:55.604768687,2024-01-04 10:34:59.666556979,1.6677777777777778
User_48,2024-01-05 07:42:53.309102204,2024-01-05 08:55:08.387146064,1.2041666666666666
User_48,2024-01-06 07:55:24.818111083,2024-01-06 13:33:38.155205949,5.6369444444444445
User_48,2024-01-07 06:28:26.437779813,2024-01-07 09:29:46.338240323,3.0219444444444443
User_48,2024-01-08 07:35:28.847407231,2024-01-08 15:01:41.029228563,7.4366666666666665
User_48,2024-01-09 09:58:22.872222090,2024-01-09 11:17:14.636956779,1.3141666666666667
User_48,2024-01-10 09:02:38.514098333,2024-01-10 12:38:45.960571672,3.6019444444444444
User_48,2024-01-11 07:34:11.397881704,2024-01-11 13:50:58.875210048,6.279722222222222
User_48,2024-01-12 09:40:25.340622893,2024-01-12 17:19:48.741204357,7.6563888888888885
User_48,2024-01-13 08:18:30.565238951,2024-01-13 11:48:30.018453323,3.499722222222222
User_48,2024-01-14 09:09:00.706836366,2024-01-14 11:54:25.941694575,2.7569444444444446
User_48,2024-01-15 08:15:22.666015202,2024-01-15 11:45:58.843245628,3.51
User_48,2024-01-16 08:37:35.487461393,2024-01-16 11:18:33.540066309,2.682777777777778
User_48,2024-01-17 06:45:58.938418581,2024-01-17 14:11:38.563402802,7.4275
User_48,2024-01-18 06:24:25.973034473,2024-01-18 10:56:56.112309393,4.541666666666667
User_48,2024-01-19 06:53:00.280074667,2024-01-19 08:09:21.315150473,1.2725
User_48,2024-01-20 06:08:38.670983396,2024-01-20 08:22:14.259640462,2.2263888888888888
User_48,2024-01-21 09:28:01.493104886,2024-01-21 12:26:39.957453107,2.977222222222222
User_48,2024-01-22 09:48:06.612056284,2024-01-22 14:52:23.493839611,5.071111111111111
User_48,2024-01-23 07:44:47.244332670,2024-01-23 12:48:25.482966340,5.060555555555555
User_48,2024-01-24 08:04:00.456747258,2024-01-24 14:22:41.618341942,6.311388888888889
User_48,2024-01-25 07:07:47.943350009,2024-01-25 10:36:04.813218336,3.471111111111111
User_48,2024-01-26 09:34:34.957956478,2024-01-26 17:12:05.662087868,7.625
User_48,2024-01-27 09:34:12.838475805,2024-01-27 13:30:22.927923529,3.936111111111111
User_48,2024-01-28 09:07:17.263243299,2024-01-28 13:27:20.923722486,4.3341666666666665
User_48,2024-01-29 07:59:24.573870903,2024-01-29 10:25:22.512619146,2.4325
User_48,2024-01-30 08:21:52.276366922,2024-01-30 10:40:02.900990306,2.3027777777777776
User_49,2024-01-01 07:19:34.531666567,2024-01-01 14:18:41.292747389,6.985
User_49,2024-01-02 06:49:41.891652636,2024-01-02 08:19:35.080439006,1.4980555555555555
User_49,2024-01-03 06:16:33.709333624,2024-01-03 13:51:41.479250302,7.585277777777778
User_49,2024-01-04 08:01:39.654306650,2024-01-04 11:53:36.838516438,3.8658333333333332
User_49,2024-01-05 09:14:36.651566514,2024-01-05 16:05:39.464949859,6.850555555555555
User_49,2024-01-06 07:19:43.550876864,2024-01-06 13:11:02.725925203,5.855277777777777
User_49,2024-01-07 09:05:04.168548267,2024-01-07 14:40:01.365857289,5.5825
User_49,2024-01-08 06:36:22.969077121,2024-01-08 13:44:15.222781750,7.131111111111111
User_49,2024-01-09 08:09:22.961559398,2024-01-09 11:08:01.266703922,2.977222222222222
User_49,2024-01-10 07:42:03.285870302,2024-01-10 08:57:50.077348354,1.2627777777777778
User_49,2024-01-11 06:30:41.281937602,2024-01-11 12:52:13.060050601,6.358611111111111
User_49,2024-01-12 06:00:00.167540477,2024-01-12 09:54:57.626418230,3.9158333333333335
User_49,2024-01-13 08:05:24.146607632,2024-01-13 09:28:20.933991656,1.3822222222222222
User_49,2024-01-14 09:53:32.325546801,2024-01-14 12:28:30.683894292,2.582777777777778
User_49,2024-01-15 07:13:00.461562762,2024-01-15 10:20:39.812871588,3.1275
User_49,2024-01-16 06:55:17.999934489,2024-01-16 07:55:55.140251064,1.0102777777777778
User_49,2024-01-17 08:55:02.565034867,2024-01-17 16:41:07.071629808,7.767777777777778
User_49,2024-01-18 06:53:49.826159304,2024-01-18 12:32:18.615392750,5.641111111111111
User_49,2024-01-19 08:58:03.307108205,2024-01-19 15:54:23.626661286,6.938888888888889
User_49,2024-01-20 07:41:25.860436995,2024-01-20 10:48:39.719259133,3.120277777777778
User_49,2024-01-21 07:18:04.249929931,2024-01-21 13:17:22.307524013,5.988333333333333
User_49,2024-01-22 09:16:01.624317681,2024-01-22 11:32:18.296305147,2.2711111111111113
User_49,2024-01-23 07:29:01.550517471,2024-01-23 14:47:50.443475549,7.3133333333333335
User_49,2024-01-24 09:13:36.386683604,2024-01-24 17:07:14.818433218,7.893888888888889
User_49,2024-01-25 09:01:01.174939421,2024-01-25 12:46:09.694005324,3.752222222222222
User_49,2024-01-26 08:21:45.184809522,2024-01-26 13:59:22.744016554,5.626944444444445
User_49,2024-01-27 06:18:49.763754966,2024-01-27 11:07:31.087124383,4.811388888888889
User_49,2024-01-28 08:50:14.219930005,2024-01-28 11:00:30.716790831,2.171111111111111
User_49,2024-01-29 09:07:21.096730928,2024-01-29 14:12:32.170799883,5.086388888888889
User_49,2024-01-30 09:48:31.993714045,2024-01-30 11:06:21.035628858,1.2969444444444445
User_50,2024-01-01 07:03:40.696380798,2024-01-01 12:16:19.854139153,5.210833333333333
User_50,2024-01-02 07:11:10.462735765,2024-01-02 13:11:13.951670360,6.0008333333333335
User_50,2024-01-03 09:02:09.676068315,2024-01-03 10:45:13.078362790,1.7175
User_50,2024-01-04 08:03:19.504284577,2024-01-04 12:37:03.546285471,4.562222222222222
User_50,2024-01-05 07:28:37.643091103,2024-01-05 15:00:27.349627858,7.530277777777778
User_50,2024-01-06 09:18:36.091006174,2024-01-06 15:11:25.767430296,5.880277777777778
User_50,2024-01-07 08:51:26.303554583,2024-01-07 13:05:21.550378673,4.231944444444444
User_50,2024-01-08 09:41:02.321103790,2024-01-08 15:32:46.125870572,5.861944444444444
User_50,2024-01-09 08:54:57.327287843,2024-01-09 15:56:51.938063284,7.031666666666666
User_50,2024-01-10 07:05:46.630886527,2024-01-10 13:44:44.817663967,6.649444444444445
User_50,2024-01-11 06:46:51.464682573,2024-01-11 10:11:54.081879144,3.417222222222222
User_50,2024-01-12 07:20:32.790541485,2024-01-12 15:11:31.632344891,7.849444444444444
User_50,2024-01-13 09:25:34.136021970,2024-01-13 15:20:03.616534044,5.908055555555555
User_50,2024-01-14 08:54:29.617367261,2024-01-14 13:50:33.851786205,4.934444444444445
User_50,2024-01-15 09:47:18.105606362,2024-01-15 14:15:43.826178997,4.473611111111111
User_50,2024-01-16 07:31:19.455022126,2024-01-16 09:39:47.945512802,2.141111111111111
User_50,2024-01-17 09:08:41.361392559,2024-01-17 15:17:09.348480863,6.140833333333333
User_50,2024-01-18 07:32:14.712554747,2024-01-18 08:42:49.586586519,1.176111111111111
User_50,2024-01-19 09:21:21.561519139,2024-01-19 10:26:09.294702181,1.0797222222222222
User_50,2024-01-20 08:48:53.276826658,2024-01-20 16:36:23.755991754,7.791666666666667
User_50,2024-01-21 07:45:02.323125334,2024-01-21 10:23:43.652931232,2.644722222222222
User_50,2024-01-22 08:49:10.142544624,2024-01-22 15:32:21.771723416,6.719722222222222
User_50,2024-01-23 08:11:08.596551521,2024-01-23 15:57:17.885487975,7.769166666666667
User_50,2024-01-24 06:12:24.029591874,2024-01-24 10:44:24.878669148,4.533333333333333
User_50,2024-01-25 08:52:25.736841444,2024-01-25 15:54:44.276714403,7.038333333333333
User_50,2024-01-26 06:43:01.280811472,2024-01-26 13:19:01.368551916,6.6
User_50,2024-01-27 08:12:38.981890347,2024-01-27 11:59:12.134676494,3.7758333333333334
User_50,2024-01-28 06:31:36.696411538,2024-01-28 13:35:02.149536042,7.0569444444444445
User_50,2024-01-29 06:37:44.734197787,2024-01-29 09:47:51.388249856,3.1683333333333334
User_50,2024-01-30 07:09:36.655660259,2024-01-30 14:15:36.289321868,7.099722222222222
User_51,2024-01-01 08:41:26.923116608,2024-01-01 15:16:03.294325830,6.576666666666667
User_51,2024-01-02 07:00:06.737742611,2024-01-02 12:22:33.565052707,5.373888888888889
User_51,2024-01-03 08:17:13.142157269,2024-01-03 15:07:00.467652333,6.829722222222222
User_51,2024-01-04 09:37:27.653670930,2024-01-04 10:42:34.004312160,1.085
User_51,2024-01-05 08:41:45.886834446,2024-01-05 10:03:32.148972263,1.3627777777777779
User_51,2024-01-06 08:11:43.564777113,2024-01-06 11:12:31.909549013,3.013333333333333
User_51,2024-01-07 07:13:37.583033118,2024-01-07 10:41:52.137320117,3.4705555555555554
User_51,2024-01-08 08:29:06.611266314,2024-01-08 11:49:24.670401166,3.3383333333333334
User_51,2024-01-09 08:55:50.866328500,2024-01-09 12:45:44.956444961,3.8316666666666666
User_51,2024-01-10 06:16:24.286084463,2024-01-10 12:45:35.034115062,6.486111111111111
User_51,2024-01-11 07:08:34.919874134,2024-01-11 11:10:20.645240035,4.029166666666667
User_51,2024-01-12 08:44:30.391918395,2024-01-12 12:04:08.287078542,3.3269444444444445
User_51,2024-01-13 06:13:34.833448512,2024-01-13 09:50:37.643833234,3.6172222222222223
User_51,2024-01-14 09:46:40.059590797,2024-01-14 15:16:11.766402720,5.491944444444444
User_51,2024-01-15 08:41:09.299740807,2024-01-15 14:06:42.810012475,5.425833333333333
User_51,2024-01-16 06:47:45.486801015,2024-01-16 10:43:27.500176392,3.9283333333333332
User_51,2024-01-17 09:00:13.533096431,2024-01-17 10:42:48.130114770,1.7094444444444445
User_51,2024-01-18 07:06:41.079975691,2024-01-18 10:02:44.321509030,2.9341666666666666
User_51,2024-01-19 07:43:41.072557360,2024-01-19 15:35:26.364829103,7.8625
User_51,2024-01-20 06:16:12.036672247,2024-01-20 10:54:03.301730637,4.630833333333333
User_51,2024-01-21 06:43:02.851420975,2024-01-21 14:30:43.900365300,7.794722222222222
User_51,2024-01-22 06:27:11.570468075,2024-01-22 10:16:42.315727587,3.825
User_51,2024-01-23 08:57:05.543781618,2024-01-23 14:53:00.315367909,5.931666666666667
User_51,2024-01-24 07:41:27.292371272,2024-01-24 11:06:59.701403680,3.4255555555555555
User_51,2024-01-25 07:35:25.618251161,2024-01-25 10:26:25.380082758,2.8497222222222223
User_51,2024-01-26 06:49:16.794317377,2024-01-26 11:12:09.394695861,4.381111111111111
User_51,2024-01-27 07:04:26.886087373,2024-01-27 10:05:10.920042783,3.0122222222222224
User_51,2024-01-28 08:37:37.287314033,2024-01-28 16:24:24.428072870,7.779722222222222
User_51,2024-01-29 08:24:52.375688055,2024-01-29 09:57:12.258258092,1.5386111111111112
User_51,2024-01-30 06:18:08.404039498,2024-01-30 13:57:44.269204806,7.659722222222222
User_52,2024-01-01 07:11:20.987380425,2024-01-01 08:50:01.075429703,1.6444444444444444
User_52,2024-01-02 08:23:46.242054965,2024-01-02 13:45:42.191267879,5.365277777777778
User_52,2024-01-03 08:35:38.469409709,2024-01-03 11:27:57.000511719,2.8716666666666666
User_52,2024-01-04 06:03:37.593852688,2024-01-04 13:48:55.981162940,7.755
User_52,2024-01-05 07:00:12.859857951,2024-01-05 12:44:08.722316875,5.731944444444444
User_52,2024-01-06 08:49:35.470126253,2024-01-06 14:05:47.657036656,5.27
User_52,2024-01-07 07:15:05.866476676,2024-01-07 10:08:57.492071530,2.8975
User_52,2024-01-08 08:23:26.423270918,2024-01-08 15:27:12.033237932,7.0625
User_52,2024-01-09 09:47:12.965696496,2024-01-09 11:31:41.791967470,1.741111111111111
User_52,2024-01-10 06:37:09.532021407,2024-01-10 14:13:56.885742740,7.6130555555555555
User_52,2024-01-11 08:56:46.107288021,2024-01-11 16:07:37.551673731,7.180833333333333
User_52,2024-01-12 06:48:37.909931548,2024-01-12 11:55:25.073883504,5.1130555555555555
User_52,2024-01-13 08:48:16.410159611,2024-01-13 14:33:55.229672874,5.760555555555555
User_52,2024-01-14 07:37:57.384348480,2024-01-14 08:44:25.335619100,1.1075
User_52,2024-01-15 08:19:54.135217981,2024-01-15 11:06:12.294005307,2.7716666666666665
User_52,2024-01-16 07:48:03.661144457,2024-01-16 15:30:14.702724569,7.703055555555555
User_52,2024-01-17 07:35:46.108574051,2024-01-17 14:28:29.109061994,6.878611111111111
User_52,2024-01-18 06:45:14.984722789,2024-01-18 12:27:40.989273019,5.707222222222223
User_52,2024-01-19 09:54:28.900143920,2024-01-19 11:37:16.606285918,1.7130555555555556
User_52,2024-01-20 06:01:59.807168071,2024-01-20 10:04:06.093542412,4.035
User_52,2024-01-21 06:22:13.806955939,2024-01-21 12:36:33.092567780,6.238611111111111
User_52,2024-01-22 09:39:29.500759419,2024-01-22 13:41:46.829271679,4.038055555555555
User_52,2024-01-23 07:02:05.447647038,2024-01-23 11:04:32.411286004,4.040555555555556
User_52,2024-01-24 08:53:37.648577040,2024-01-24 09:57:25.813448865,1.0633333333333332
User_52,2024-01-25 08:21:28.137448579,2024-01-25 13:39:03.087907740,5.292777777777777
User_52,2024-01-26 08:33:02.710755301,2024-01-26 11:14:41.667170819,2.693888888888889
User_52,2024-01-27 08:51:22.359216645,2024-01-27 10:29:45.424672205,1.6397222222222223
User_52,2024-01-28 06:47:49.492845121,2024-01-28 13:56:21.738020813,7.142222222222222
User_52,2024-01-29 08:57:17.613370462,2024-01-29 10:03:04.001331547,1.096111111111111
User_52,2024-01-30 06:59:36.618149325,2024-01-30 09:29:39.661520752,2.5008333333333335
User_53,2024-01-01 07:04:59.611123732,2024-01-01 09:48:58.117334785,2.7327777777777778
User_53,2024-01-02 06:15:00.378658696,2024-01-02 10:27:45.679676935,4.2125
User_53,2024-01-03 08:55:51.362036920,2024-01-03 14:10:41.001499799,5.246944444444445
User_53,2024-01-04 08:41:29.352027812,2024-01-04 10:15:34.311326925,1.5677777777777777
User_53,2024-01-05 09:48:21.466226545,2024-01-05 16:40:31.460439389,6.869166666666667
User_53,2024-01-06 09:13:13.300586337,2024-01-06 15:58:52.492473389,6.760833333333333
User_53,2024-01-07 09:43:51.031317111,2024-01-07 14:32:26.231263176,4.809722222222222
User_53,2024-01-08 06:48:04.061057293,2024-01-08 12:07:07.007975177,5.317222222222222
User_53,2024-01-09 08:58:17.493508818,2024-01-09 15:08:13.011821339,6.165277777777778
User_53,2024-01-10 08:05:08.865948003,2024-01-10 09:33:54.025675209,1.4791666666666667
User_53,2024-01-11 07:29:04.026313393,2024-01-11 14:55:47.344846669,7.445277777777778
User_53,2024-01-12 08:20:16.064300506,2024-01-12 13:06:22.029270549,4.768055555555556
User_53,2024-01-13 07:04:31.490607103,2024-01-13 10:39:16.403389000,3.578888888888889
User_53,2024-01-14 09:34:52.983683805,2024-01-14 15:14:47.852481481,5.665
User_53,2024-01-15 09:08:58.373185233,2024-01-15 13:19:47.877846537,4.1802777777777775
User_53,2024-01-16 08:31:15.559960168,2024-01-16 11:15:34.826900496,2.738611111111111
User_53,2024-01-17 08:49:18.635956082,2024-01-17 12:48:54.189565406,3.9930555555555554
User_53,2024-01-18 07:46:12.655413332,2024-01-18 13:18:55.577992669,5.545
User_53,2024-01-19 09:44:42.440949152,2024-01-19 11:11:35.400883689,1.4477777777777778
User_53,2024-01-20 09:17:56.302617796,2024-01-20 12:20:44.357000183,3.046666666666667
User_53,2024-01-21 07:46:32.440144891,2024-01-21 08:55:44.656030021,1.1533333333333333
User_53,2024-01-22 07:12:15.063520814,2024-01-22 11:43:21.370835093,4.5183333333333335
User_53,2024-01-23 06:13:28.935513803,2024-01-23 10:39:44.547894258,4.4375
User_53,2024-01-24 09:42:30.393055561,2024-01-24 11:26:46.302151877,1.7375
User_53,2024-01-25 09:03:27.946484287,2024-01-25 12:55:31.657029362,3.8675
User_53,2024-01-26 08:37:14.501489150,2024-01-26 11:26:32.463758377,2.821388888888889
User_53,2024-01-27 06:38:16.688580595,2024-01-27 08:45:40.346460229,2.1230555555555557
User_53,2024-01-28 06:16:55.084017261,2024-01-28 08:34:53.380980772,2.2994444444444446
User_53,2024-01-29 08:39:24.759143841,2024-01-29 15:49:43.362562297,7.171666666666667
User_53,2024-01-30 09:15:23.409872512,2024-01-30 15:03:08.794481349,5.795833333333333
User_54,2024-01-01 06:26:30.218833119,2024-01-01 09:27:57.742479776,3.0241666666666664
User_54,2024-01-02 07:14:21.219004643,2024-01-02 09:59:20.134053863,2.7494444444444444
User_54,2024-01-03 08:03:36.081499820,2024-01-03 12:48:32.037634787,4.748611111111111
User_54,2024-01-04 07:25:39.158042463,2024-01-04 10:54:14.644842621,3.4763888888888888
User_54,2024-01-05 09:18:51.200609847,2024-01-05 15:50:21.380387503,6.525
User_54,2024-01-06 07:13:52.259976202,2024-01-06 14:37:39.728761808,7.396388888888889
User_54,2024-01-07 09:48:40.536244836,2024-01-07 13:05:54.448303993,3.2869444444444444
User_54,2024-01-08 07:25:03.719262619,2024-01-08 11:57:25.699928852,4.539166666666667
User_54,2024-01-09 09:45:52.139700484,2024-01-09 16:53:55.389415670,7.134166666666666
User_54,2024-01-10 06:24:36.978661203,2024-01-10 10:09:33.793391642,3.7488888888888887
User_54,2024-01-11 08:12:48.545132396,2024-01-11 12:44:07.483440694,4.5216666666666665
User_54,2024-01-12 06:46:31.628178291,2024-01-12 13:47:13.810811728,7.011666666666667
User_54,2024-01-13 08:42:27.947275154,2024-01-13 15:34:23.238321419,6.865277777777778
User_54,2024-01-14 09:26:06.205622632,2024-01-14 15:40:24.773135008,6.238333333333333
User_54,2024-01-15 07:45:24.632657995,2024-01-15 13:01:50.410884383,5.273611111111111
User_54,2024-01-16 06:38:29.261848124,2024-01-16 12:21:25.126368491,5.715277777777778
User_54,2024-01-17 06:43:01.246882645,2024-01-17 12:34:28.776563500,5.8575
User_54,2024-01-18 06:55:06.213514857,2024-01-18 08:44:28.506278642,1.8227777777777778
User_54,2024-01-19 06:39:40.096658058,2024-01-19 07:40:30.298465578,1.0138888888888888
User_54,2024-01-20 08:52:29.850497090,2024-01-20 15:00:06.356933361,6.126666666666667
User_54,2024-01-21 08:03:35.040238750,2024-01-21 10:11:21.382825345,2.1294444444444443
User_54,2024-01-22 06:20:03.182460153,2024-01-22 07:28:05.232414372,1.133888888888889
User_54,2024-01-23 06:39:46.773748299,2024-01-23 13:53:56.333229874,7.235833333333333
User_54,2024-01-24 06:57:58.130520504,2024-01-24 10:26:45.767966377,3.479722222222222
User_54,2024-01-25 06:25:16.974976531,2024-01-25 08:58:40.479856184,2.556388888888889
User_54,2024-01-26 08:04:36.833819234,2024-01-26 13:19:52.201433244,5.254166666666666
User_54,2024-01-27 06:58:53.073323993,2024-01-27 08:23:07.923736465,1.403888888888889
User_54,2024-01-28 07:33:50.873315434,2024-01-28 10:12:12.798262777,2.6391666666666667
User_54,2024-01-29 06:52:41.576494509,2024-01-29 14:35:50.119122888,7.7188888888888885
User_54,2024-01-30 08:27:54.726997330,2024-01-30 13:21:48.063765266,4.898055555555556
User_55,2024-01-01 07:39:47.161490735,2024-01-01 11:39:56.558693174,4.0025
User_55,2024-01-02 08:09:49.032055268,2024-01-02 14:02:19.063192577,5.875
User_55,2024-01-03 08:48:30.903785018,2024-01-03 11:00:37.590259195,2.2016666666666667
User_55,2024-01-04 08:00:01.623629903,2024-01-04 11:53:02.967624762,3.883611111111111
User_55,2024-01-05 09:28:55.588314279,2024-01-05 14:54:07.345128982,5.419722222222222
User_55,2024-01-06 08:07:48.058556390,2024-01-06 09:56:16.003539298,1.8075
User_55,2024-01-07 08:25:21.185606257,2024-01-07 10:14:34.724029398,1.8202777777777779
User_55,2024-01-08 07:20:55.774688146,2024-01-08 09:20:55.392201467,1.9997222222222222
User_55,2024-01-09 08:46:05.860517150,2024-01-09 11:12:43.413785821,2.443611111111111
User_55,2024-01-10 07:34:02.774973907,2024-01-10 14:50:13.779369900,7.269722222222223
User_55,2024-01-11 06:49:02.155920945,2024-01-11 11:22:18.843532706,4.554444444444444
User_55,2024-01-12 07:40:37.511920790,2024-01-12 08:48:14.237755142,1.1266666666666667
User_55,2024-01-13 09:10:15.716835448,2024-01-13 10:39:15.673674575,1.4830555555555556
User_55,2024-01-14 07:53:49.272302068,2024-01-14 12:49:18.365334529,4.924722222222222
User_55,2024-01-15 08:30:49.340975250,2024-01-15 14:20:02.858033808,5.820277777777778
User_55,2024-01-16 07:00:47.122322727,2024-01-16 08:04:58.587494519,1.0697222222222222
User_55,2024-01-17 08:53:37.588737910,2024-01-17 13:38:36.135041468,4.749444444444444
User_55,2024-01-18 09:20:40.094926184,2024-01-18 16:05:39.081671281,6.749444444444444
User_55,2024-01-19 09:22:23.896816145,2024-01-19 13:46:08.282247629,4.395555555555555
User_55,2024-01-20 07:20:04.248900050,2024-01-20 13:52:31.515605352,6.5408333333333335
User_55,2024-01-21 07:48:18.635227621,2024-01-21 10:05:21.378576987,2.283888888888889
User_55,2024-01-22 09:25:11.625881685,2024-01-22 16:35:52.134776348,7.177777777777778
User_55,2024-01-23 07:51:54.860488418,2024-01-23 09:23:42.493616624,1.5297222222222222
User_55,2024-01-24 07:33:04.695694803,2024-01-24 14:10:33.844713260,6.624722222222222
User_55,2024-01-25 09:36:25.546011065,2024-01-25 12:01:53.059122004,2.424166666666667
User_55,2024-01-26 06:16:04.420013163,2024-01-26 13:24:33.651432110,7.141388888888889
User_55,2024-01-27 07:33:27.431121295,2024-01-27 12:20:59.807420837,4.792222222222223
User_55,2024-01-28 09:52:20.147693530,2024-01-28 11:20:17.578836968,1.4658333333333333
User_55,2024-01-29 08:35:35.779307310,2024-01-29 10:06:43.235956196,1.5186111111111111
User_55,2024-01-30 07:30:06.752569917,2024-01-30 14:07:42.879108791,6.626666666666667
User_56,2024-01-01 07:44:02.000151681,2024-01-01 15:42:50.995470035,7.98
User_56,2024-01-02 08:14:10.453703231,2024-01-02 11:29:03.739949657,3.2480555555555557
User_56,2024-01-03 06:52:49.603093028,2024-01-03 10:20:02.720557039,3.453611111111111
User_56,2024-01-04 07:29:24.479142137,2024-01-04 08:58:16.063820780,1.4808333333333332
User_56,2024-01-05 07:28:41.868471745,2024-01-05 11:43:40.679169173,4.249444444444444
User_56,2024-01-06 08:53:27.423632238,2024-01-06 14:29:17.006647222,5.5969444444444445
User_56,2024-01-07 08:50:06.225435299,2024-01-07 09:53:36.990218595,1.0583333333333333
User_56,2024-01-08 06:52:14.410553959,2024-01-08 12:30:08.854621635,5.631666666666667
User_56,2024-01-09 07:56:09.446901788,2024-01-09 08:58:23.346488630,1.0369444444444444
User_56,2024-01-10 09:13:04.722851018,2024-01-10 15:37:39.524097934,6.4094444444444445
User_56,2024-01-11 08:11:37.235947107,2024-01-11 09:39:32.111756669,1.465
User_56,2024-01-12 09:03:57.816713269,2024-01-12 14:09:07.399124099,5.085833333333333
User_56,2024-01-13 09:07:40.223671074,2024-01-13 15:23:24.247879449,6.262222222222222
User_56,2024-01-14 09:12:43.229836192,2024-01-14 13:50:17.033109588,4.6258333333333335
User_56,2024-01-15 06:33:40.673061986,2024-01-15 12:15:33.841391154,5.698055555555555
User_56,2024-01-16 08:28:54.822504748,2024-01-16 14:40:39.602822164,6.195555555555556
User_56,2024-01-17 06:40:46.286487130,2024-01-17 09:02:39.661524617,2.3647222222222224
User_56,2024-01-18 09:33:41.897047958,2024-01-18 15:48:41.337568950,6.249722222222222
User_56,2024-01-19 09:37:58.490237284,2024-01-19 15:56:38.116330614,6.310833333333333
User_56,2024-01-20 08:23:19.036406260,2024-01-20 13:58:03.181379362,5.578888888888889
User_56,2024-01-21 09:33:23.442104736,2024-01-21 14:36:29.372318436,5.051388888888889
User_56,2024-01-22 08:31:46.435070328,2024-01-22 10:37:29.648313618,2.0952777777777776
User_56,2024-01-23 07:53:44.465569671,2024-01-23 13:54:37.672791015,6.014722222222222
User_56,2024-01-24 07:05:01.574855755,2024-01-24 09:29:58.380204973,2.4155555555555557
User_56,2024-01-25 07:15:19.106038431,2024-01-25 09:56:44.921863850,2.6902777777777778
User_56,2024-01-26 06:51:34.741973324,2024-01-26 10:50:00.983213599,3.973888888888889
User_56,2024-01-27 09:37:52.874599922,2024-01-27 14:10:50.777697737,4.549166666666666
User_56,2024-01-28 06:45:06.053483740,2024-01-28 08:17:25.739552138,1.5386111111111112
User_56,2024-01-29 08:47:04.648489986,2024-01-29 12:27:51.177353782,3.6794444444444445
User_56,2024-01-30 09:17:14.365630829,2024-01-30 14:54:14.037000576,5.616388888888889
User_57,2024-01-01 09:11:05.876887795,2024-01-01 12:05:18.917081139,2.903611111111111
User_57,2024-01-02 08:46:09.968483439,2024-01-02 11:37:04.330497720,2.848333333333333
User_57,2024-01-03 09:45:22.586104084,2024-01-03 15:12:39.217998725,5.454444444444444
User_57,2024-01-04 07:17:52.969922524,2024-01-04 10:11:04.668852289,2.886388888888889
User_57,2024-01-05 06:45:49.342825031,2024-01-05 12:37:34.294989152,5.862222222222222
User_57,2024-01-06 06:52:29.504827170,2024-01-06 12:02:31.147128542,5.166944444444445
User_57,2024-01-07 07:03:30.744387725,2024-01-07 12:41:32.361796530,5.633611111111111
User_57,2024-01-08 09:15:35.132090983,2024-01-08 15:42:21.368218228,6.446111111111111
User_57,2024-01-09 09:02:36.259165403,2024-01-09 11:21:26.863788847,2.313888888888889
User_57,2024-01-10 06:21:12.743236577,2024-01-10 12:14:46.253714459,5.8925
User_57,2024-01-11 07:28:24.199878638,2024-01-11 11:29:59.324784002,4.026388888888889
User_57,2024-01-12 06:07:28.546936224,2024-01-12 08:56:29.873457955,2.8169444444444443
User_57,2024-01-13 06:08:04.940215792,2024-01-13 13:17:20.421685343,7.154166666666667
User_57,2024-01-14 06:58:24.912238346,2024-01-14 11:52:29.808911585,4.901111111111111
User_57,2024-01-15 06:09:21.302217520,2024-01-15 11:49:25.856478422,5.667777777777777
User_57,2024-01-16 07:17:31.593778858,2024-01-16 14:34:39.157290191,7.285277777777778
User_57,2024-01-17 09:33:08.901920650,2024-01-17 12:49:46.225503366,3.2769444444444447
User_57,2024-01-18 09:36:13.836897942,2024-01-18 17:34:37.010270111,7.973055555555556
User_57,2024-01-19 09:18:05.985563384,2024-01-19 16:12:56.743526815,6.913888888888889
User_57,2024-01-20 06:59:45.725799970,2024-01-20 12:01:58.626251185,5.036666666666667
User_57,2024-01-21 06:16:08.485161130,2024-01-21 07:56:00.417169036,1.6641666666666666
User_57,2024-01-22 09:59:44.053613279,2024-01-22 13:16:55.362698811,3.286388888888889
User_57,2024-01-23 08:59:33.848333503,2024-01-23 15:38:21.807669778,6.646388888888889
User_57,2024-01-24 09:25:55.535102504,2024-01-24 17:24:55.768197038,7.983333333333333
User_57,2024-01-25 06:57:57.549387698,2024-01-25 08:14:54.390224562,1.2822222222222222
User_57,2024-01-26 07:38:41.157859122,2024-01-26 09:33:19.190738811,1.9105555555555556
User_57,2024-01-27 06:05:22.932803933,2024-01-27 09:36:45.688847898,3.522777777777778
User_57,2024-01-28 09:08:05.830815483,2024-01-28 14:05:53.584234354,4.963055555555556
User_57,2024-01-29 07:15:04.003044629,2024-01-29 12:49:53.421583045,5.580277777777778
User_57,2024-01-30 06:55:41.061796446,2024-01-30 08:01:43.474237462,1.1005555555555555
User_58,2024-01-01 09:03:26.688764684,2024-01-01 14:25:25.014503257,5.3661111111111115
User_58,2024-01-02 09:02:57.157792813,2024-01-02 10:19:18.395813342,1.2725
User_58,2024-01-03 09:20:54.522640761,2024-01-03 14:41:06.582881675,5.336666666666667
User_58,2024-01-04 08:15:12.893050262,2024-01-04 13:37:33.167062748,5.372222222222222
User_58,2024-01-05 09:27:27.838754904,2024-01-05 14:33:58.638720188,5.108333333333333
User_58,2024-01-06 08:19:25.685470389,2024-01-06 16:15:30.800228446,7.934722222222222
User_58,2024-01-07 09:01:36.914405787,2024-01-07 13:07:22.718303155,4.095833333333333
User_58,2024-01-08 08:49:46.516800474,2024-01-08 12:33:15.124687107,3.7244444444444444
User_58,2024-01-09 06:54:55.806659762,2024-01-09 12:05:36.473957333,5.177777777777778
User_58,2024-01-10 09:42:45.822212840,2024-01-10 17:13:00.138117229,7.503888888888889
User_58,2024-01-11 07:22:03.436004719,2024-01-11 12:03:40.908153505,4.693611111111111
User_58,2024-01-12 06:50:47.556939406,2024-01-12 14:48:57.460898777,7.969166666666666
User_58,2024-01-13 09:55:28.097873298,2024-01-13 15:28:15.722901925,5.546388888888889
User_58,2024-01-14 09:13:03.562459355,2024-01-14 15:13:24.086523704,6.0055555555555555
User_58,2024-01-15 08:22:21.478354168,2024-01-15 09:44:45.847878288,1.3733333333333333
User_58,2024-01-16 07:49:08.606532758,2024-01-16 13:32:33.221347376,5.723333333333334
User_58,2024-01-17 08:42:36.455239925,2024-01-17 12:19:19.145224169,3.611666666666667
User_58,2024-01-18 09:46:00.364607875,2024-01-18 11:56:17.761820241,2.171388888888889
User_58,2024-01-19 08:00:05.176025504,2024-01-19 13:50:15.452234584,5.836111111111111
User_58,2024-01-20 08:47:18.755604842,2024-01-20 14:19:44.457315416,5.540277777777778
User_58,2024-01-21 07:06:04.150273706,2024-01-21 09:11:40.555804608,2.0933333333333333
User_58,2024-01-22 08:32:37.540706304,2024-01-22 13:44:19.954033017,5.195
User_58,2024-01-23 06:43:02.726548165,2024-01-23 12:39:12.233016543,5.935833333333333
User_58,2024-01-24 07:49:14.476680964,2024-01-24 13:29:42.043589363,5.674166666666666
User_58,2024-01-25 09:20:58.085948690,2024-01-25 11:32:15.242348828,2.1880555555555556
User_58,2024-01-26 06:04:35.686099154,2024-01-26 12:31:49.071276327,6.453611111111111
User_58,2024-01-27 08:26:19.642922197,2024-01-27 14:20:10.560076674,5.897222222222222
User_58,2024-01-28 09:21:09.431639836,2024-01-28 15:58:20.267197413,6.6194444444444445
User_58,2024-01-29 09:50:37.250115775,2024-01-29 14:35:42.814102848,4.751388888888889
User_58,2024-01-30 07:57:14.337110302,2024-01-30 11:46:01.894547548,3.8130555555555556
User_59,2024-01-01 06:36:53.151016956,2024-01-01 11:37:22.853285582,5.008055555555556
User_59,2024-01-02 07:06:28.980350294,2024-01-02 14:33:25.929658060,7.448888888888889
User_59,2024-01-03 08:19:57.947581590,2024-01-03 13:28:57.520130394,5.1497222222222225
User_59,2024-01-04 07:25:10.915116628,2024-01-04 08:47:01.046786466,1.363888888888889
User_59,2024-01-05 06:07:37.110221371,2024-01-05 10:05:25.155854031,3.9633333333333334
User_59,2024-01-06 06:20:17.741444600,2024-01-06 11:35:10.284724211,5.247777777777777
User_59,2024-01-07 09:31:26.011281211,2024-01-07 16:42:15.464657482,7.1802777777777775
User_59,2024-01-08 08:38:10.253905904,2024-01-08 11:06:53.296059021,2.4786111111111113
User_59,2024-01-09 09:27:07.154371567,2024-01-09 16:39:16.708941459,7.2025
User_59,2024-01-10 06:47:11.811623322,2024-01-10 12:56:54.948984743,6.161944444444444
User_59,2024-01-11 07:08:45.881504550,2024-01-11 13:45:52.417375843,6.618333333333333
User_59,2024-01-12 09:59:20.225758611,2024-01-12 11:11:56.881092911,1.21
User_59,2024-01-13 09:35:22.068467389,2024-01-13 14:56:52.357914075,5.358333333333333
User_59,2024-01-14 09:53:36.709715973,2024-01-14 14:08:54.949557638,4.255
User_59,2024-01-15 09:23:22.386200227,2024-01-15 10:49:34.716728903,1.4366666666666668
User_59,2024-01-16 07:20:28.018321127,2024-01-16 08:48:36.835072457,1.468888888888889
User_59,2024-01-17 09:54:04.941122098,2024-01-17 16:37:12.683585348,6.7186111111111115
User_59,2024-01-18 09:24:36.682865941,2024-01-18 16:58:33.406698075,7.565555555555555
User_59,2024-01-19 06:20:25.490200124,2024-01-19 10:02:22.549531460,3.6991666666666667
User_59,2024-01-20 06:17:02.902402233,2024-01-20 08:45:34.888561293,2.475277777777778
User_59,2024-01-21 06:55:02.867189342,2024-01-21 11:12:04.368907740,4.283611111111111
User_59,2024-01-22 07:04:27.295211332,2024-01-22 08:46:51.943503139,1.7066666666666668
User_59,2024-01-23 06:40:11.871682955,2024-01-23 08:42:03.215884467,2.0308333333333333
User_59,2024-01-24 09:53:32.305889937,2024-01-24 16:12:26.477064282,6.315
User_59,2024-01-25 09:52:15.765099881,2024-01-25 13:56:57.225359880,4.078055555555555
User_59,2024-01-26 07:06:48.506135942,2024-01-26 13:42:05.494705613,6.587777777777778
User_59,2024-01-27 07:18:18.056419792,2024-01-27 10:24:02.517437166,3.0955555555555554
User_59,2024-01-28 06:55:48.086287792,2024-01-28 08:50:15.996539042,1.9075
User_59,2024-01-29 07:01:33.068078641,2024-01-29 10:30:47.125740182,3.487222222222222
User_59,2024-01-30 08:41:45.516597298,2024-01-30 10:08:02.150621228,1.4377777777777778
User_60,2024-01-01 06:50:31.299931180,2024-01-01 13:30:18.695666530,6.663055555555555
User_60,2024-01-02 06:35:15.675699606,2024-01-02 09:59:10.333391973,3.3983333333333334
User_60,2024-01-03 09:27:31.088474757,2024-01-03 11:32:35.206315571,2.0844444444444443
User_60,2024-01-04 06:19:51.410432901,2024-01-04 10:43:21.767908917,4.391666666666667
User_60,2024-01-05 07:12:34.840962410,2024-01-05 12:09:12.731747403,4.943611111111111
User_60,2024-01-06 09:12:54.790422962,2024-01-06 11:10:30.932324411,1.96
User_60,2024-01-07 08:19:22.066817581,2024-01-07 12:51:40.887579405,4.538333333333333
User_60,2024-01-08 06:34:34.734518590,2024-01-08 11:56:39.496353920,5.3677777777777775
User_60,2024-01-09 07:05:40.422017195,2024-01-09 11:30:33.846844504,4.414722222222222
User_60,2024-01-10 06:19:44.721469589,2024-01-10 10:32:46.239711372,4.216944444444445
User_60,2024-01-11 07:13:33.073939816,2024-01-11 13:58:57.080461686,6.756666666666667
User_60,2024-01-12 06:13:40.493668762,2024-01-12 10:09:29.396996703,3.93
User_60,2024-01-13 07:50:01.412507492,2024-01-13 13:54:31.565630229,6.075
User_60,2024-01-14 08:17:49.741081299,2024-01-14 13:58:03.491978592,5.670277777777778
User_60,2024-01-15 09:06:29.509713385,2024-01-15 16:08:37.024649571,7.035277777777778
User_60,2024-01-16 07:15:19.807152803,2024-01-16 12:01:17.979327973,4.766111111111111
User_60,2024-01-17 09:21:37.556329524,2024-01-17 17:17:11.724829843,7.926111111111111
User_60,2024-01-18 09:33:29.078079030,2024-01-18 13:09:30.053097164,3.6
User_60,2024-01-19 06:46:50.397847948,2024-01-19 11:12:23.089790594,4.4255555555555555
User_60,2024-01-20 08:57:59.636906439,2024-01-20 13:24:52.377489422,4.447777777777778
User_60,2024-01-21 07:55:57.804431716,2024-01-21 14:48:01.211042977,6.8675
User_60,2024-01-22 07:26:44.214418567,2024-01-22 14:27:51.040223820,7.0183333333333335
User_60,2024-01-23 07:37:37.989133704,2024-01-23 10:55:29.463396798,3.2975
User_60,2024-01-24 07:48:57.454721275,2024-01-24 14:09:11.118079881,6.336944444444445
User_60,2024-01-25 06:30:14.429201241,2024-01-25 08:52:44.193441215,2.374722222222222
User_60,2024-01-26 09:48:20.805489548,2024-01-26 12:02:03.194499558,2.2283333333333335
User_60,2024-01-27 08:16:15.273378207,2024-01-27 13:19:33.997938087,5.055
User_60,2024-01-28 07:57:30.592253523,2024-01-28 13:28:18.172517658,5.513055555555556
User_60,2024-01-29 06:55:09.504851485,2024-01-29 11:47:16.593999459,4.868611111111111
User_60,2024-01-30 07:29:19.294875555,2024-01-30 13:07:13.309818210,5.631666666666667
User_61,2024-01-01 06:33:53.619024573,2024-01-01 11:33:39.729928927,4.996111111111111
User_61,2024-01-02 06:44:27.893117519,2024-01-02 09:41:29.698308017,2.950277777777778
User_61,2024-01-03 06:52:29.421124659,2024-01-03 09:09:16.933177353,2.2797222222222224
User_61,2024-01-04 09:18:10.237702473,2024-01-04 12:18:10.068407527,2.999722222222222
User_61,2024-01-05 09:42:30.582458848,2024-01-05 17:29:52.730897546,7.789444444444444
User_61,2024-01-06 08:17:06.150767094,2024-01-06 10:17:09.779058270,2.0008333333333335
User_61,2024-01-07 07:29:53.494704665,2024-01-07 14:04:56.347741039,6.583888888888889
User_61,2024-01-08 07:28:10.426493237,2024-01-08 09:04:43.260394467,1.6088888888888888
User_61,2024-01-09 08:13:37.702717365,2024-01-09 15:08:34.748175065,6.9158333333333335
User_61,2024-01-10 09:11:01.339974866,2024-01-10 11:24:34.443106150,2.2258333333333336
User_61,2024-01-11 08:41:27.810447539,2024-01-11 11:14:04.517886117,2.5433333333333334
User_61,2024-01-12 06:52:22.188497551,2024-01-12 13:59:28.797184841,7.118333333333333
User_61,2024-01-13 06:59:55.232919459,2024-01-13 09:50:29.066051712,2.8425
User_61,2024-01-14 06:00:09.408826962,2024-01-14 13:05:50.268486925,7.094444444444444
User_61,2024-01-15 09:10:13.365310211,2024-01-15 14:33:42.054474496,5.391111111111111
User_61,2024-01-16 09:00:03.827000719,2024-01-16 11:03:55.450899816,2.0641666666666665
User_61,2024-01-17 07:49:59.859762061,2024-01-17 11:17:30.588323250,3.4583333333333335
User_61,2024-01-18 06:22:30.381978101,2024-01-18 10:46:40.870205517,4.402777777777778
User_61,2024-01-19 09:40:58.650964933,2024-01-19 10:57:48.140765010,1.2802777777777778
User_61,2024-01-20 07:09:57.037154310,2024-01-20 09:37:07.068746693,2.452777777777778
User_61,2024-01-21 06:57:09.311812786,2024-01-21 14:18:41.862520146,7.358888888888889
User_61,2024-01-22 07:52:20.194380973,2024-01-22 12:08:10.939587056,4.263888888888889
User_61,2024-01-23 09:02:32.289251356,2024-01-23 11:07:25.492792280,2.0813888888888887
User_61,2024-01-24 07:56:56.621099040,2024-01-24 11:57:32.248494890,4.009722222222222
User_61,2024-01-25 08:23:15.513943871,2024-01-25 16:23:04.368065782,7.996666666666667
User_61,2024-01-26 09:04:40.064074781,2024-01-26 12:51:46.279790820,3.785
User_61,2024-01-27 09:18:36.763952746,2024-01-27 11:30:18.614708220,2.194722222222222
User_61,2024-01-28 06:07:18.677082849,2024-01-28 08:33:10.776068948,2.431111111111111
User_61,2024-01-29 07:21:41.926408045,2024-01-29 11:56:08.561496025,4.573888888888889
User_61,2024-01-30 08:27:37.859623793,2024-01-30 15:50:05.123697596,7.3741666666666665
User_62,2024-01-01 08:02:21.897737526,2024-01-01 12:32:54.043982094,4.5088888888888885
User_62,2024-01-02 06:12:03.499341450,2024-01-02 07:26:43.270468386,1.2441666666666666
User_62,2024-01-03 08:12:16.703451595,2024-01-03 12:16:18.804505453,4.067222222222222
User_62,2024-01-04 09:21:24.197687716,2024-01-04 11:28:53.323222454,2.124722222222222
User_62,2024-01-05 06:05:59.591934485,2024-01-05 10:14:35.368886324,4.143055555555556
User_62,2024-01-06 06:56:59.691217232,2024-01-06 08:17:49.973425370,1.3472222222222223
User_62,2024-01-07 08:53:54.215330605,2024-01-07 10:40:46.358929527,1.781111111111111
User_62,2024-01-08 08:25:59.800800111,2024-01-08 11:24:02.254504316,2.9672222222222224
User_62,2024-01-09 06:41:38.343125112,2024-01-09 10:21:08.081502678,3.6580555555555554
User_62,2024-01-10 09:12:20.819177610,2024-01-10 12:57:01.577315605,3.7444444444444445
User_62,2024-01-11 09:00:11.082948639,2024-01-11 10:52:53.337627977,1.8783333333333334
User_62,2024-01-12 09:05:27.908443177,2024-01-12 11:44:58.628230824,2.658333333333333
User_62,2024-01-13 08:42:34.461070399,2024-01-13 13:40:12.156252392,4.960277777777778
User_62,2024-01-14 09:42:59.683927848,2024-01-14 13:25:40.211380825,3.7111111111111112
User_62,2024-01-15 06:15:52.778719215,2024-01-15 07:23:55.496955106,1.133888888888889
User_62,2024-01-16 09:18:26.763278007,2024-01-16 13:58:50.101347075,4.673055555555556
User_62,2024-01-17 09:06:03.514346423,2024-01-17 11:44:31.039466713,2.640833333333333
User_62,2024-01-18 07:22:49.205935390,2024-01-18 08:35:27.823515115,1.2105555555555556
User_62,2024-01-19 09:50:45.489473867,2024-01-19 15:31:15.760722727,5.675
User_62,2024-01-20 09:43:58.153263734,2024-01-20 12:35:28.662730946,2.8583333333333334
User_62,2024-01-21 08:26:45.076001649,2024-01-21 14:11:43.275202623,5.749444444444444
User_62,2024-01-22 07:16:12.715683709,2024-01-22 14:12:25.068406102,6.9366666666666665
User_62,2024-01-23 09:47:19.125065763,2024-01-23 16:58:57.474031702,7.193888888888889
User_62,2024-01-24 08:57:22.564453526,2024-01-24 11:53:54.674382594,2.942222222222222
User_62,2024-01-25 07:07:35.271006321,2024-01-25 14:52:11.951081561,7.743333333333333
User_62,2024-01-26 06:02:28.096741473,2024-01-26 12:03:12.556067175,6.012222222222222
User_62,2024-01-27 08:49:29.944740795,2024-01-27 14:11:01.721172729,5.358611111111111
User_62,2024-01-28 09:57:37.567383650,2024-01-28 13:08:36.929164895,3.1830555555555557
User_62,2024-01-29 07:21:35.594838622,2024-01-29 08:54:44.867792875,1.5525
User_62,2024-01-30 07:46:16.293166229,2024-01-30 10:35:54.716027347,2.8272222222222223
User_63,2024-01-01 07:22:24.768511358,2024-01-01 14:12:55.977625799,6.841944444444445
User_63,2024-01-02 09:44:30.976994795,2024-01-02 12:02:31.450409325,2.3
User_63,2024-01-03 07:29:24.128614369,2024-01-03 14:59:25.618779676,7.500277777777778
User_63,2024-01-04 06:14:50.041833924,2024-01-04 07:53:37.527142330,1.646388888888889
User_63,2024-01-05 06:39:04.190244569,2024-01-05 11:49:03.553664566,5.166388888888889
User_63,2024-01-06 06:36:06.800702486,2024-01-06 14:22:42.325515044,7.776388888888889
User_63,2024-01-07 07:47:12.689192522,2024-01-07 12:17:50.941793346,4.510555555555555
User_63,2024-01-08 06:59:11.884067597,2024-01-08 11:17:00.082428952,4.296666666666667
User_63,2024-01-09 08:38:51.556309972,2024-01-09 14:54:21.220161213,6.258055555555556
User_63,2024-01-10 09:00:55.700391022,2024-01-10 14:03:38.556430913,5.045
User_63,2024-01-11 09:37:02.780759911,2024-01-11 16:20:21.458512024,6.721666666666667
User_63,2024-01-12 09:01:41.492851660,2024-01-12 10:25:02.751998007,1.3891666666666667
User_63,2024-01-13 06:01:39.042655962,2024-01-13 08:30:52.714041287,2.4869444444444446
User_63,2024-01-14 08:39:14.739752353,2024-01-14 12:31:56.916472193,3.8783333333333334
User_63,2024-01-15 07:36:34.650133910,2024-01-15 14:48:06.239717296,7.191944444444444
User_63,2024-01-16 09:34:56.105013098,2024-01-16 16:56:47.321667248,7.364166666666667
User_63,2024-01-17 07:15:19.844301816,2024-01-17 13:05:34.450782845,5.8372222222222225
User_63,2024-01-18 07:05:11.517810350,2024-01-18 09:25:14.885603826,2.3341666666666665
User_63,2024-01-19 06:44:18.707385802,2024-01-19 10:07:59.819431564,3.394722222222222
User_63,2024-01-20 07:43:11.389724829,2024-01-20 14:32:11.308835416,6.816388888888889
User_63,2024-01-21 06:28:46.431746007,2024-01-21 12:37:26.563100358,6.144444444444445
User_63,2024-01-22 08:07:32.950764325,2024-01-22 11:08:29.173399760,3.0155555555555558
User_63,2024-01-23 07:58:16.602017272,2024-01-23 11:04:15.142175652,3.0994444444444444
User_63,2024-01-24 08:23:03.580155431,2024-01-24 12:25:16.447011383,4.036666666666667
User_63,2024-01-25 06:39:27.439618735,2024-01-25 08:28:25.333097538,1.8158333333333334
User_63,2024-01-26 08:11:12.417821838,2024-01-26 15:30:13.226260647,7.316666666666666
User_63,2024-01-27 07:22:32.990686430,2024-01-27 13:30:24.593388440,6.130833333333333
User_63,2024-01-28 08:38:04.723511132,2024-01-28 16:09:19.907351730,7.520833333333333
User_63,2024-01-29 09:17:02.126649107,2024-01-29 14:15:00.579173524,4.966111111111111
User_63,2024-01-30 08:37:41.239174571,2024-01-30 15:55:00.578132488,7.288611111111111
User_64,2024-01-01 07:35:53.070498051,2024-01-01 10:53:08.297085666,3.2875
User_64,2024-01-02 06:02:35.679604346,2024-01-02 12:49:44.766673970,6.785833333333334
User_64,2024-01-03 09:12:14.122085808,2024-01-03 10:56:06.375941931,1.731111111111111
User_64,2024-01-04 08:18:26.746288310,2024-01-04 12:33:19.085082115,4.247777777777777
User_64,2024-01-05 06:28:29.410975331,2024-01-05 14:20:19.730297261,7.863888888888889
User_64,2024-01-06 06:51:31.620779472,2024-01-06 08:19:45.922117754,1.4705555555555556
User_64,2024-01-07 08:22:45.802264827,2024-01-07 14:33:05.242528579,6.171944444444445
User_64,2024-01-08 06:07:47.185623079,2024-01-08 11:44:26.870118999,5.610833333333333
User_64,2024-01-09 08:07:45.003013700,2024-01-09 09:51:07.281237351,1.7227777777777777
User_64,2024-01-10 06:41:24.343828027,2024-01-10 11:39:57.296120392,4.975555555555555
User_64,2024-01-11 07:11:07.549634591,2024-01-11 14:45:13.105996604,7.5680555555555555
User_64,2024-01-12 09:16:29.859304570,2024-01-12 17:09:35.752908714,7.884722222222222
User_64,2024-01-13 07:02:19.260080885,2024-01-13 14:49:36.295627394,7.788055555555555
User_64,2024-01-14 07:43:29.767724998,2024-01-14 11:09:27.241366904,3.4325
User_64,2024-01-15 06:12:05.033188358,2024-01-15 07:34:14.717686419,1.3691666666666666
User_64,2024-01-16 08:46:04.962085631,2024-01-16 12:58:24.772745368,4.205277777777778
User_64,2024-01-17 06:54:21.911414919,2024-01-17 12:12:13.963134314,5.297777777777778
User_64,2024-01-18 07:00:41.156902801,2024-01-18 12:03:17.477112280,5.043333333333333
User_64,2024-01-19 07:26:12.605956550,2024-01-19 14:12:06.122067167,6.764722222222222
User_64,2024-01-20 09:16:58.024715041,2024-01-20 13:37:27.254747725,4.341388888888889
User_64,2024-01-21 07:24:11.795174424,2024-01-21 10:56:28.302047713,3.537777777777778
User_64,2024-01-22 09:13:22.289169622,2024-01-22 12:31:12.412136121,3.297222222222222
User_64,2024-01-23 06:50:10.454981378,2024-01-23 08:25:44.601196635,1.5927777777777778
User_64,2024-01-24 07:52:00.380940735,2024-01-24 12:14:30.109833515,4.374722222222222
User_64,2024-01-25 09:21:49.085429801,2024-01-25 11:54:44.300580241,2.548611111111111
User_64,2024-01-26 07:31:26.274340824,2024-01-26 14:10:58.098960945,6.658611111111111
User_64,2024-01-27 09:17:40.179994785,2024-01-27 12:59:12.379109449,3.692222222222222
User_64,2024-01-28 07:50:11.385935328,2024-01-28 10:57:34.190384729,3.122777777777778
User_64,2024-01-29 09:43:48.790249238,2024-01-29 11:33:38.613145925,1.8302777777777777
User_64,2024-01-30 09:44:05.991691221,2024-01-30 15:31:19.426277471,5.786944444444444
User_65,2024-01-01 08:07:34.638998688,2024-01-01 09:21:17.647330457,1.228611111111111
User_65,2024-01-02 07:54:08.585162236,2024-01-02 11:45:23.837408304,3.8541666666666665
User_65,2024-01-03 06:38:41.550892441,2024-01-03 12:14:23.072900657,5.594722222222222
User_65,2024-01-04 09:53:04.573066103,2024-01-04 14:49:11.731104929,4.935277777777777
User_65,2024-01-05 08:51:32.447180792,2024-01-05 10:20:17.398585455,1.478888888888889
User_65,2024-01-06 07:40:14.404739764,2024-01-06 09:29:06.638565909,1.8144444444444445
User_65,2024-01-07 08:27:04.260031725,2024-01-07 16:01:14.010418721,7.569166666666667
User_65,2024-01-08 08:38:49.599347591,2024-01-08 10:11:05.036165114,1.5375
User_65,2024-01-09 07:25:07.193351785,2024-01-09 12:16:23.910513694,4.854444444444445
User_65,2024-01-10 07:36:46.191688318,2024-01-10 14:26:54.020752292,6.835277777777778
User_65,2024-01-11 09:15:31.262467823,2024-01-11 14:32:29.404174424,5.282777777777778
User_65,2024-01-12 07:29:37.794409910,2024-01-12 10:16:52.271028743,2.7872222222222223
User_65,2024-01-13 06:25:24.590182269,2024-01-13 09:54:28.011806130,3.484166666666667
User_65,2024-01-14 07:39:09.684247791,2024-01-14 13:23:00.421960413,5.730555555555555
User_65,2024-01-15 08:37:57.501469885,2024-01-15 10:07:24.226588844,1.4905555555555556
User_65,2024-01-16 07:34:51.734142208,2024-01-16 09:51:12.561596085,2.272222222222222
User_65,2024-01-17 06:37:38.102956562,2024-01-17 13:25:06.117129940,6.791111111111111
User_65,2024-01-18 06:10:03.579120714,2024-01-18 10:06:06.987593447,3.9341666666666666
User_65,2024-01-19 06:40:22.132643037,2024-01-19 13:49:41.254078134,7.155277777777778
User_65,2024-01-20 08:13:41.383391160,2024-01-20 10:50:52.175427856,2.6194444444444445
User_65,2024-01-21 08:00:34.952935195,2024-01-21 14:07:48.409199713,6.120277777777778
User_65,2024-01-22 09:49:56.899328439,2024-01-22 12:22:32.138635423,2.5430555555555556
User_65,2024-01-23 09:32:41.017518662,2024-01-23 17:05:05.481195682,7.54
User_65,2024-01-24 09:39:56.455841261,2024-01-24 15:06:48.897634181,5.447777777777778
User_65,2024-01-25 08:31:09.417423859,2024-01-25 12:20:30.325380091,3.8222222222222224
User_65,2024-01-26 09:00:34.529505174,2024-01-26 13:43:43.138767617,4.7188888888888885
User_65,2024-01-27 08:42:35.108225687,2024-01-27 12:42:32.247402676,3.9991666666666665
User_65,2024-01-28 08:55:33.549082221,2024-01-28 15:41:50.231325855,6.771111111111111
User_65,2024-01-29 06:35:08.682095080,2024-01-29 13:24:58.510927550,6.830277777777778
User_65,2024-01-30 08:09:40.270057780,2024-01-30 15:04:25.850966853,6.9125
User_66,2024-01-01 07:43:30.744571310,2024-01-01 11:22:42.564802962,3.6530555555555555
User_66,2024-01-02 09:39:36.874548248,2024-01-02 12:25:06.340090467,2.7580555555555555
User_66,2024-01-03 09:22:36.657484120,2024-01-03 13:45:53.975911356,4.388055555555556
User_66,2024-01-04 08:03:22.974372738,2024-01-04 11:12:56.375066272,3.1591666666666667
User_66,2024-01-05 08:17:31.807688913,2024-01-05 11:34:07.129835073,3.276388888888889
User_66,2024-01-06 06:09:25.479565079,2024-01-06 09:03:39.844419756,2.903888888888889
User_66,2024-01-07 06:01:31.858225054,2024-01-07 13:52:26.398858886,7.848333333333334
User_66,2024-01-08 09:51:46.759821404,2024-01-08 13:37:44.673317706,3.765833333333333
User_66,2024-01-09 08:54:48.540302490,2024-01-09 12:20:02.853982432,3.4205555555555556
User_66,2024-01-10 08:41:03.741462038,2024-01-10 15:19:20.578546796,6.637777777777778
User_66,2024-01-11 09:47:13.289923568,2024-01-11 13:35:18.639274979,3.801388888888889
User_66,2024-01-12 09:07:59.490954567,2024-01-12 11:59:40.887910496,2.861388888888889
User_66,2024-01-13 09:57:40.785174628,2024-01-13 11:08:30.179063489,1.1802777777777778
User_66,2024-01-14 08:24:50.814813616,2024-01-14 14:01:50.365551229,5.616388888888889
User_66,2024-01-15 08:45:07.856021867,2024-01-15 10:35:41.623007352,1.8425
User_66,2024-01-16 09:45:14.828882013,2024-01-16 12:01:20.647514075,2.2680555555555557
User_66,2024-01-17 08:29:27.649006653,2024-01-17 11:02:59.086200554,2.558611111111111
User_66,2024-01-18 07:13:43.916405106,2024-01-18 12:03:14.671656654,4.825
User_66,2024-01-19 07:40:07.585227329,2024-01-19 09:47:25.270371936,2.1213888888888888
User_66,2024-01-20 06:41:01.484194860,2024-01-20 10:36:38.732856562,3.9269444444444446
User_66,2024-01-21 09:01:44.874887167,2024-01-21 16:18:53.583987731,7.285555555555556
User_66,2024-01-22 06:20:11.438336535,2024-01-22 10:05:17.656807031,3.7516666666666665
User_66,2024-01-23 06:24:03.536117609,2024-01-23 07:31:01.666629550,1.116111111111111
User_66,2024-01-24 08:38:48.749030072,2024-01-24 13:51:50.474967630,5.216944444444445
User_66,2024-01-25 06:39:07.475238934,2024-01-25 09:17:19.558632879,2.6366666666666667
User_66,2024-01-26 06:05:41.391652481,2024-01-26 12:56:22.061235979,6.844444444444444
User_66,2024-01-27 09:53:55.544583099,2024-01-27 11:50:49.124910325,1.9480555555555557
User_66,2024-01-28 06:55:33.243078220,2024-01-28 14:00:17.163081682,7.078611111111111
User_66,2024-01-29 09:42:21.078690569,2024-01-29 13:38:35.688737300,3.937222222222222
User_66,2024-01-30 06:12:08.963600674,2024-01-30 07:28:41.637809733,1.2755555555555556
User_67,2024-01-01 08:17:44.878071393,2024-01-01 12:02:45.834815501,3.75
User_67,2024-01-02 06:06:52.594957118,2024-01-02 11:11:50.555243394,5.0825
User_67,2024-01-03 06:02:42.756526881,2024-01-03 12:33:24.529872242,6.511388888888889
User_67,2024-01-04 07:13:32.632646928,2024-01-04 08:30:27.134322760,1.2816666666666667
User_67,2024-01-05 08:21:12.271982157,2024-01-05 12:08:13.919225869,3.783611111111111
User_67,2024-01-06 09:53:42.725952342,2024-01-06 14:42:16.532247435,4.809166666666667
User_67,2024-01-07 07:06:03.444206932,2024-01-07 13:04:01.303595708,5.965833333333333
User_67,2024-01-08 07:05:09.484836615,2024-01-08 14:24:56.415780085,7.329444444444444
User_67,2024-01-09 07:29:55.996375306,2024-01-09 12:20:52.684157266,4.848888888888889
User_67,2024-01-10 06:12:08.252695068,2024-01-10 10:11:06.507891464,3.9827777777777778
User_67,2024-01-11 09:19:46.034971118,2024-01-11 15:58:08.384866274,6.639444444444444
User_67,2024-01-12 06:53:50.187247490,2024-01-12 09:28:47.379836956,2.5825
User_67,2024-01-13 09:16:09.196495870,2024-01-13 16:46:55.236684137,7.512777777777778
User_67,2024-01-14 06:22:53.197266331,2024-01-14 10:31:54.674979871,4.150277777777778
User_67,2024-01-15 07:20:59.341617084,2024-01-15 14:26:40.690694611,7.094722222222222
User_67,2024-01-16 06:20:02.758771392,2024-01-16 08:48:43.132523854,2.477777777777778
User_67,2024-01-17 09:00:35.544061245,2024-01-17 10:22:08.149055571,1.3588888888888888
User_67,2024-01-18 07:58:12.509482285,2024-01-18 12:03:53.606756213,4.094722222222222
User_67,2024-01-19 07:20:15.376977437,2024-01-19 11:05:58.599323473,3.7619444444444445
User_67,2024-01-20 08:07:11.144451795,2024-01-20 10:14:57.601883182,2.1294444444444443
User_67,2024-01-21 08:17:16.740647283,2024-01-21 14:55:33.635345642,6.637777777777778
User_67,2024-01-22 09:02:26.317388978,2024-01-22 11:07:04.594987261,2.0772222222222223
User_67,2024-01-23 06:35:49.192364277,2024-01-23 09:28:27.186431448,2.8769444444444443
User_67,2024-01-24 07:26:39.476059310,2024-01-24 11:18:12.556710803,3.859166666666667
User_67,2024-01-25 08:43:07.639922400,2024-01-25 10:06:55.986812979,1.3966666666666667
User_67,2024-01-26 06:08:19.286940855,2024-01-26 09:52:55.433127041,3.743333333333333
User_67,2024-01-27 08:47:19.157166786,2024-01-27 11:08:33.727809289,2.3538888888888887
User_67,2024-01-28 08:33:57.664530090,2024-01-28 11:23:05.333606185,2.818611111111111
User_67,2024-01-29 09:32:39.639966914,2024-01-29 16:48:51.026562432,7.269722222222223
User_67,2024-01-30 07:11:20.935741651,2024-01-30 09:47:56.778341524,2.609722222222222
User_68,2024-01-01 07:38:42.777197753,2024-01-01 10:19:44.173144292,2.683611111111111
User_68,2024-01-02 08:41:22.327343400,2024-01-02 15:28:19.157394016,6.782222222222222
User_68,2024-01-03 08:41:32.526685121,2024-01-03 15:27:46.157955804,6.770277777777777
User_68,2024-01-04 07:35:16.687135787,2024-01-04 09:40:55.874797650,2.0941666666666667
User_68,2024-01-05 08:57:06.493642525,2024-01-05 12:28:30.451172092,3.5230555555555556
User_68,2024-01-06 08:41:06.299883299,2024-01-06 11:34:46.527221239,2.8944444444444444
User_68,2024-01-07 06:19:29.706741216,2024-01-07 14:16:22.767987507,7.948055555555555
User_68,2024-01-08 06:37:29.301714200,2024-01-08 14:32:37.510762079,7.918888888888889
User_68,2024-01-09 09:54:32.831028956,2024-01-09 16:27:57.047247438,6.556666666666667
User_68,2024-01-10 08:38:15.690653980,2024-01-10 13:40:56.428320307,5.044444444444444
User_68,2024-01-11 09:27:51.862253440,2024-01-11 12:29:25.738198251,3.0258333333333334
User_68,2024-01-12 07:52:14.609459782,2024-01-12 13:12:23.236687817,5.335555555555556
User_68,2024-01-13 07:38:41.142852520,2024-01-13 11:38:13.801495594,3.9922222222222223
User_68,2024-01-14 07:19:16.099212030,2024-01-14 12:16:14.740992480,4.9494444444444445
User_68,2024-01-15 09:24:08.273203417,2024-01-15 11:48:46.788329176,2.4105555555555553
User_68,2024-01-16 09:44:15.835758049,2024-01-16 15:33:40.844632504,5.823611111111111
User_68,2024-01-17 09:17:35.134262592,2024-01-17 14:11:11.139716868,4.8933333333333335
User_68,2024-01-18 09:07:05.040500506,2024-01-18 10:13:53.290513460,1.1133333333333333
User_68,2024-01-19 09:16:24.678116825,2024-01-19 10:33:16.177365776,1.2808333333333333
User_68,2024-01-20 09:33:34.752619625,2024-01-20 17:30:12.213850038,7.943611111111111
User_68,2024-01-21 07:10:34.571455345,2024-01-21 09:38:54.599073747,2.4722222222222223
User_68,2024-01-22 09:03:41.232439555,2024-01-22 11:49:57.496230745,2.7711111111111113
User_68,2024-01-23 09:27:44.098317679,2024-01-23 11:10:55.731640047,1.7197222222222222
User_68,2024-01-24 06:30:13.754827862,2024-01-24 14:21:28.374016397,7.853888888888889
User_68,2024-01-25 08:41:43.280135088,2024-01-25 15:37:24.838190697,6.928055555555556
User_68,2024-01-26 07:17:50.343033861,2024-01-26 13:01:57.733521780,5.735277777777778
User_68,2024-01-27 08:22:37.082313243,2024-01-27 13:35:56.465340341,5.2219444444444445
User_68,2024-01-28 08:43:48.467417343,2024-01-28 13:45:27.518580196,5.0275
User_68,2024-01-29 07:42:58.498117958,2024-01-29 10:38:51.750016347,2.931388888888889
User_68,2024-01-30 09:04:27.571165150,2024-01-30 11:39:29.636401230,2.5838888888888887
User_69,2024-01-01 08:46:09.902008623,2024-01-01 11:24:09.889139386,2.6330555555555555
User_69,2024-01-02 08:30:04.754447344,2024-01-02 14:43:51.126778995,6.229444444444445
User_69,2024-01-03 06:52:29.480000254,2024-01-03 08:17:40.051181958,1.4194444444444445
User_69,2024-01-04 06:31:26.021899116,2024-01-04 11:45:57.145474345,5.241944444444444
User_69,2024-01-05 09:23:52.028249650,2024-01-05 10:42:45.948144782,1.3147222222222221
User_69,2024-01-06 08:56:11.778130199,2024-01-06 12:19:33.008008140,3.3891666666666667
User_69,2024-01-07 07:54:50.808526841,2024-01-07 15:24:58.069182949,7.501944444444445
User_69,2024-01-08 07:19:40.389668196,2024-01-08 11:35:06.880403471,4.2572222222222225
User_69,2024-01-09 06:03:17.026772553,2024-01-09 07:37:33.314516674,1.5711111111111111
User_69,2024-01-10 07:02:03.718912340,2024-01-10 08:13:45.595381031,1.1947222222222222
User_69,2024-01-11 08:31:31.804695094,2024-01-11 12:30:37.043286494,3.984722222222222
User_69,2024-01-12 08:11:33.290919283,2024-01-12 10:24:54.400003870,2.2225
User_69,2024-01-13 07:11:01.421223887,2024-01-13 12:49:49.797990175,5.6466666666666665
User_69,2024-01-14 09:51:40.359220277,2024-01-14 11:12:50.861915052,1.3527777777777779
User_69,2024-01-15 09:33:41.534220315,2024-01-15 14:35:58.940493357,5.038055555555555
User_69,2024-01-16 08:15:20.441761280,2024-01-16 12:45:27.460848515,4.501944444444445
User_69,2024-01-17 06:16:39.274837020,2024-01-17 07:54:24.171500771,1.6288888888888888
User_69,2024-01-18 08:24:13.132881490,2024-01-18 11:47:25.288881666,3.3866666666666667
User_69,2024-01-19 09:40:08.660158718,2024-01-19 13:30:54.741700176,3.846111111111111
User_69,2024-01-20 06:34:23.253005318,2024-01-20 12:34:34.167609569,6.002777777777778
User_69,2024-01-21 07:10:24.289268750,2024-01-21 11:51:06.141014118,4.678055555555556
User_69,2024-01-22 08:47:28.792111274,2024-01-22 16:05:35.447713566,7.301666666666667
User_69,2024-01-23 09:10:07.553205144,2024-01-23 14:54:11.852115536,5.734444444444445
User_69,2024-01-24 08:43:06.717826490,2024-01-24 16:20:24.018856098,7.621388888888889
User_69,2024-01-25 07:10:59.867003950,2024-01-25 08:11:27.891777693,1.0077777777777779
User_69,2024-01-26 07:05:16.145655334,2024-01-26 09:36:47.008421927,2.525
User_69,2024-01-27 08:38:50.418025641,2024-01-27 14:04:59.950339732,5.435833333333333
User_69,2024-01-28 08:22:25.843910948,2024-01-28 09:29:15.178679826,1.113611111111111
User_69,2024-01-29 08:54:54.403984089,2024-01-29 12:10:47.370378723,3.2644444444444445
User_69,2024-01-30 08:39:36.806241695,2024-01-30 13:33:22.582639949,4.895833333333333
User_70,2024-01-01 07:22:15.325326161,2024-01-01 09:18:46.647257184,1.9419444444444445
User_70,2024-01-02 06:22:39.632126310,2024-01-02 13:11:53.894120738,6.820555555555556
User_70,2024-01-03 09:40:24.924605974,2024-01-03 15:13:19.583384434,5.548333333333333
User_70,2024-01-04 06:24:49.451253990,2024-01-04 10:13:40.537119573,3.8141666666666665
User_70,2024-01-05 08:54:56.724481514,2024-01-05 15:22:28.210758567,6.458611111111111
User_70,2024-01-06 06:28:22.348160991,2024-01-06 07:28:23.122275894,1.0
User_70,2024-01-07 08:50:54.773460680,2024-01-07 12:20:40.997095532,3.496111111111111
User_70,2024-01-08 07:01:04.531175302,2024-01-08 08:06:29.547413998,1.0902777777777777
User_70,2024-01-09 08:09:40.311457365,2024-01-09 15:07:09.309990099,6.957777777777777
User_70,2024-01-10 09:49:49.895706325,2024-01-10 14:47:26.668461779,4.96
User_70,2024-01-11 08:03:28.243119454,2024-01-11 09:39:11.664033782,1.5952777777777778
User_70,2024-01-12 08:11:43.768342213,2024-01-12 11:51:19.241132140,3.6597222222222223
User_70,2024-01-13 08:25:42.748044723,2024-01-13 12:08:58.652011211,3.720833333333333
User_70,2024-01-14 06:57:40.307377685,2024-01-14 08:37:33.432313440,1.6647222222222222
User_70,2024-01-15 07:15:34.825602080,2024-01-15 08:56:10.275426131,1.676388888888889
User_70,2024-01-16 06:42:27.316091865,2024-01-16 14:37:08.187288069,7.911111111111111
User_70,2024-01-17 07:46:35.091219455,2024-01-17 12:29:58.259735381,4.723055555555556
User_70,2024-01-18 09:29:40.106813815,2024-01-18 17:27:48.443106180,7.9688888888888885
User_70,2024-01-19 08:19:51.088070563,2024-01-19 15:01:05.428360876,6.687222222222222
User_70,2024-01-20 07:18:27.950750448,2024-01-20 10:26:52.698478119,3.14
User_70,2024-01-21 07:36:38.933582321,2024-01-21 13:19:06.116601696,5.7075
User_70,2024-01-22 08:43:43.560325273,2024-01-22 11:56:07.594078439,3.2066666666666666
User_70,2024-01-23 06:31:58.222907567,2024-01-23 11:57:34.608570497,5.426666666666667
User_70,2024-01-24 06:30:47.892415518,2024-01-24 11:33:45.903622897,5.049444444444444
User_70,2024-01-25 08:46:25.278644010,2024-01-25 14:40:40.688353150,5.904166666666667
User_70,2024-01-26 09:00:49.998393498,2024-01-26 16:07:26.055816952,7.11
User_70,2024-01-27 07:59:59.409484292,2024-01-27 14:06:41.689060437,6.111666666666666
User_70,2024-01-28 08:28:36.087389268,2024-01-28 10:46:59.413872169,2.306388888888889
User_70,2024-01-29 06:06:09.930886119,2024-01-29 09:05:40.373805177,2.9916666666666667
User_70,2024-01-30 07:46:19.685371261,2024-01-30 13:05:30.755170863,5.3197222222222225
User_71,2024-01-01 09:23:59.414359246,2024-01-01 11:46:24.806420241,2.373611111111111
User_71,2024-01-02 06:30:07.916974538,2024-01-02 14:14:47.611650891,7.744166666666667
User_71,2024-01-03 06:25:55.841655020,2024-01-03 10:46:53.816621721,4.349166666666667
User_71,2024-01-04 08:20:32.117694623,2024-01-04 13:07:54.753101490,4.789444444444444
User_71,2024-01-05 06:20:38.863061274,2024-01-05 07:44:35.941294165,1.3991666666666667
User_71,2024-01-06 06:25:18.961355438,2024-01-06 11:31:15.770989027,5.098888888888889
User_71,2024-01-07 08:10:38.566381934,2024-01-07 10:48:48.834341259,2.636111111111111
User_71,2024-01-08 08:33:03.947642576,2024-01-08 15:17:29.648694378,6.740277777777778
User_71,2024-01-09 06:09:58.737021790,2024-01-09 10:39:11.611599200,4.486666666666666
User_71,2024-01-10 08:45:26.069934278,2024-01-10 11:31:24.330496434,2.766111111111111
User_71,2024-01-11 07:13:51.901036221,2024-01-11 12:31:35.576191553,5.295277777777778
User_71,2024-01-12 09:35:30.268225589,2024-01-12 16:15:40.363617222,6.669444444444444
User_71,2024-01-13 08:19:57.075155034,2024-01-13 14:26:38.662442516,6.1113888888888885
User_71,2024-01-14 07:27:33.443570992,2024-01-14 12:56:45.774879080,5.486666666666666
User_71,2024-01-15 07:51:53.014912236,2024-01-15 10:11:39.405550966,2.3294444444444444
User_71,2024-01-16 08:48:25.031143832,2024-01-16 13:42:07.940005022,4.895
User_71,2024-01-17 07:26:04.150780131,2024-01-17 14:48:49.898370112,7.379166666666666
User_71,2024-01-18 06:05:01.451296704,2024-01-18 09:17:38.934708191,3.210277777777778
User_71,2024-01-19 06:13:39.092127998,2024-01-19 12:35:35.580496783,6.365555555555556
User_71,2024-01-20 08:48:30.347339238,2024-01-20 12:07:40.423251393,3.3194444444444446
User_71,2024-01-21 08:42:09.545791781,2024-01-21 12:28:27.163891918,3.7713888888888887
User_71,2024-01-22 09:01:30.054596483,2024-01-22 13:12:15.482897447,4.179166666666666
User_71,2024-01-23 07:38:56.828080775,2024-01-23 15:11:32.021951080,7.543055555555555
User_71,2024-01-24 07:00:12.659038426,2024-01-24 08:50:47.932006339,1.8430555555555554
User_71,2024-01-25 08:20:17.420830936,2024-01-25 16:07:24.330500497,7.785
User_71,2024-01-26 07:30:40.884677671,2024-01-26 08:56:44.211121116,1.4341666666666666
User_71,2024-01-27 07:21:25.995849257,2024-01-27 11:53:55.473538109,4.541388888888889
User_71,2024-01-28 06:38:51.691295503,2024-01-28 12:15:15.867190526,5.6066666666666665
User_71,2024-01-29 09:59:27.591201746,2024-01-29 14:09:11.425996478,4.161944444444444
User_71,2024-01-30 07:25:08.091216915,2024-01-30 11:13:25.836221143,3.8047222222222223
User_72,2024-01-01 06:27:38.104968890,2024-01-01 13:38:36.599724830,7.182777777777778
User_72,2024-01-02 07:39:33.489439507,2024-01-02 11:22:12.804607413,3.7108333333333334
User_72,2024-01-03 08:38:19.539930198,2024-01-03 12:43:58.782137662,4.094166666666666
User_72,2024-01-04 08:35:34.561950832,2024-01-04 10:01:23.008462127,1.43
User_72,2024-01-05 09:15:17.616149600,2024-01-05 16:50:18.315762160,7.583333333333333
User_72,2024-01-06 08:35:42.221560695,2024-01-06 16:16:37.282967937,7.6819444444444445
User_72,2024-01-07 06:36:20.625326927,2024-01-07 10:56:51.513301831,4.341666666666667
User_72,2024-01-08 08:24:26.016968814,2024-01-08 13:28:45.780483827,5.071944444444444
User_72,2024-01-09 07:36:21.049618882,2024-01-09 10:58:20.776734911,3.366388888888889
User_72,2024-01-10 06:30:26.265924726,2024-01-10 10:14:58.175678895,3.7419444444444445
User_72,2024-01-11 06:39:02.315737518,2024-01-11 12:47:28.330785121,6.140555555555555
User_72,2024-01-12 06:50:07.165471122,2024-01-12 08:14:43.011164292,1.4097222222222223
User_72,2024-01-13 08:12:34.072384568,2024-01-13 13:22:33.861649096,5.166388888888889
User_72,2024-01-14 09:29:15.548082439,2024-01-14 14:31:35.484715364,5.038611111111111
User_72,2024-01-15 07:22:54.924293617,2024-01-15 14:00:10.823708080,6.620833333333334
User_72,2024-01-16 08:09:40.016061898,2024-01-16 09:42:57.879234604,1.5547222222222221
User_72,2024-01-17 08:15:48.248068510,2024-01-17 15:37:10.315413135,7.356111111111111
User_72,2024-01-18 07:35:06.901807174,2024-01-18 10:39:34.312015048,3.0741666666666667
User_72,2024-01-19 06:34:25.960181059,2024-01-19 08:38:02.387333830,2.06
User_72,2024-01-20 07:43:51.909374522,2024-01-20 12:54:03.040943392,5.169722222222222
User_72,2024-01-21 06:19:20.861834442,2024-01-21 13:53:57.990277876,7.576944444444444
User_72,2024-01-22 09:01:13.924091210,2024-01-22 14:07:36.846831958,5.106111111111111
User_72,2024-01-23 09:18:49.516861521,2024-01-23 10:52:30.223133186,1.5611111111111111
User_72,2024-01-24 07:54:26.479839356,2024-01-24 13:19:04.826636269,5.410555555555556
User_72,2024-01-25 09:18:52.601848103,2024-01-25 15:47:56.034761344,6.484166666666667
User_72,2024-01-26 07:06:29.797195872,2024-01-26 14:41:39.977468763,7.586111111111111
User_72,2024-01-27 06:29:50.580116604,2024-01-27 13:37:23.947305857,7.1258333333333335
User_72,2024-01-28 09:53:01.539594306,2024-01-28 12:07:25.808379516,2.24
User_72,2024-01-29 08:53:17.751324534,2024-01-29 10:10:12.946397739,1.2819444444444446
User_72,2024-01-30 07:37:18.088682003,2024-01-30 12:14:08.427821784,4.613888888888889
User_73,2024-01-01 08:19:21.291253098,2024-01-01 15:52:26.909908961,7.551388888888889
User_73,2024-01-02 08:41:20.409897036,2024-01-02 13:03:28.614267760,4.368888888888889
User_73,2024-01-03 09:14:19.320522228,2024-01-03 16:53:32.747610279,7.653611111111111
User_73,2024-01-04 06:05:17.752541024,2024-01-04 13:57:57.288601876,7.8775
User_73,2024-01-05 06:20:40.302802516,2024-01-05 13:02:42.849640088,6.700555555555556
User_73,2024-01-06 07:07:16.820436740,2024-01-06 09:02:47.747812137,1.925
User_73,2024-01-07 07:45:33.921211879,2024-01-07 13:16:01.627013958,5.5075
User_73,2024-01-08 07:31:25.706568338,2024-01-08 08:54:20.754857062,1.3819444444444444
User_73,2024-01-09 08:23:52.240411085,2024-01-09 15:42:52.802969074,7.316666666666666
User_73,2024-01-10 07:31:58.301269640,2024-01-10 10:02:49.887265936,2.5141666666666667
User_73,2024-01-11 07:46:13.113781432,2024-01-11 09:06:31.854099861,1.3383333333333334
User_73,2024-01-12 09:16:55.021216515,2024-01-12 16:03:58.809652459,6.784166666666667
User_73,2024-01-13 08:21:07.206673386,2024-01-13 11:49:25.399474633,3.4716666666666667
User_73,2024-01-14 09:11:56.880448019,2024-01-14 14:04:54.993472685,4.882777777777778
User_73,2024-01-15 09:18:13.425243120,2024-01-15 14:43:26.186816212,5.42
User_73,2024-01-16 09:08:15.438814264,2024-01-16 14:19:39.226243351,5.189722222222223
User_73,2024-01-17 07:39:23.631382305,2024-01-17 15:21:43.867052443,7.705555555555556
User_73,2024-01-18 08:09:52.039078255,2024-01-18 13:24:00.294945476,5.235555555555556
User_73,2024-01-19 06:52:55.022007572,2024-01-19 12:15:41.421901139,5.379444444444444
User_73,2024-01-20 08:17:11.150152554,2024-01-20 10:34:49.077780819,2.2936111111111113
User_73,2024-01-21 06:14:18.054201885,2024-01-21 11:28:07.909058697,5.230277777777777
User_73,2024-01-22 09:03:17.168678644,2024-01-22 13:43:06.883225878,4.663611111111111
User_73,2024-01-23 06:54:25.525804602,2024-01-23 12:34:21.879617266,5.665555555555556
User_73,2024-01-24 06:19:13.522463178,2024-01-24 10:24:47.731824187,4.092777777777778
User_73,2024-01-25 06:39:12.481320937,2024-01-25 08:56:40.849407646,2.2911111111111113
User_73,2024-01-26 06:48:33.032867878,2024-01-26 10:30:58.050705386,3.7069444444444444
User_73,2024-01-27 06:12:16.562960933,2024-01-27 09:59:20.957672346,3.7844444444444445
User_73,2024-01-28 08:02:48.587238451,2024-01-28 12:25:47.603219602,4.383055555555556
User_73,2024-01-29 07:31:52.091045803,2024-01-29 14:24:18.585569185,6.873888888888889
User_73,2024-01-30 06:34:52.704370855,2024-01-30 11:07:16.262314145,4.539722222222222
User_74,2024-01-01 06:14:53.396404174,2024-01-01 07:44:46.519511897,1.4980555555555555
User_74,2024-01-02 08:17:43.668235350,2024-01-02 13:15:27.332542523,4.961944444444445
User_74,2024-01-03 09:30:43.682584960,2024-01-03 14:25:02.099211593,4.905
User_74,2024-01-04 09:50:20.990693829,2024-01-04 11:10:48.100873507,1.3408333333333333
User_74,2024-01-05 06:23:31.310660842,2024-01-05 07:42:01.770372415,1.3083333333333333
User_74,2024-01-06 06:44:27.986644802,2024-01-06 11:31:47.993440532,4.788888888888889
User_74,2024-01-07 08:34:56.239412554,2024-01-07 09:54:04.985392860,1.318888888888889
User_74,2024-01-08 09:47:01.980813776,2024-01-08 16:40:44.548305365,6.895
User_74,2024-01-09 07:11:11.219743062,2024-01-09 08:43:36.345504768,1.5402777777777779
User_74,2024-01-10 06:40:46.373854354,2024-01-10 08:34:05.373080979,1.8883333333333334
User_74,2024-01-11 06:29:35.286421904,2024-01-11 11:07:23.040976280,4.629722222222222
User_74,2024-01-12 06:59:00.203171904,2024-01-12 10:29:25.324028438,3.5069444444444446
User_74,2024-01-13 09:57:28.876800734,2024-01-13 15:44:53.595873652,5.79
User_74,2024-01-14 09:47:45.321605476,2024-01-14 11:47:37.746792310,1.9977777777777779
User_74,2024-01-15 07:31:42.808437588,2024-01-15 12:24:42.049880303,4.883055555555556
User_74,2024-01-16 06:18:25.316091197,2024-01-16 07:20:10.839670621,1.0291666666666666
User_74,2024-01-17 08:40:54.254406675,2024-01-17 14:10:28.106230071,5.4925
User_74,2024-01-18 07:38:35.358863994,2024-01-18 12:04:14.389580001,4.4275
User_74,2024-01-19 07:39:42.379208526,2024-01-19 08:49:47.306338617,1.1677777777777778
User_74,2024-01-20 07:20:29.351129531,2024-01-20 09:34:51.823965542,2.2394444444444446
User_74,2024-01-21 06:23:37.308323059,2024-01-21 14:05:26.663257070,7.696944444444444
User_74,2024-01-22 08:23:50.780040607,2024-01-22 14:29:52.918403369,6.100555555555555
User_74,2024-01-23 07:15:41.237903032,2024-01-23 11:00:48.545566281,3.7519444444444443
User_74,2024-01-24 06:56:51.705512112,2024-01-24 08:37:35.240420440,1.678611111111111
User_74,2024-01-25 06:42:58.055579158,2024-01-25 13:17:55.409520629,6.5825
User_74,2024-01-26 08:42:36.659594646,2024-01-26 13:32:19.267269480,4.828333333333333
User_74,2024-01-27 07:54:01.294169281,2024-01-27 15:21:26.638117415,7.456944444444445
User_74,2024-01-28 06:17:27.383248012,2024-01-28 09:15:18.523741607,2.964166666666667
User_74,2024-01-29 07:23:59.105091418,2024-01-29 13:52:36.235559180,6.476944444444444
User_74,2024-01-30 09:58:12.210530332,2024-01-30 12:39:17.107502212,2.6844444444444444
User_75,2024-01-01 09:29:50.025611573,2024-01-01 16:18:41.719174454,6.814166666666667
User_75,2024-01-02 06:53:55.066526041,2024-01-02 10:41:38.247547061,3.7952777777777778
User_75,2024-01-03 07:38:19.289317812,2024-01-03 15:29:10.450164681,7.8475
User_75,2024-01-04 06:43:24.843379856,2024-01-04 13:19:03.624251696,6.5938888888888885
User_75,2024-01-05 07:20:12.375084092,2024-01-05 13:27:10.307797651,6.115833333333334
User_75,2024-01-06 07:40:48.158461857,2024-01-06 12:43:42.824492393,5.048333333333333
User_75,2024-01-07 09:19:49.609535896,2024-01-07 15:57:34.581773489,6.628888888888889
User_75,2024-01-08 09:27:56.493842971,2024-01-08 10:52:58.850441656,1.4172222222222222
User_75,2024-01-09 08:46:05.527963772,2024-01-09 10:44:53.209857160,1.9797222222222222
User_75,2024-01-10 07:39:47.787379465,2024-01-10 12:30:12.215438843,4.84
User_75,2024-01-11 07:36:39.448580354,2024-01-11 12:14:53.662810589,4.637222222222222
User_75,2024-01-12 09:59:09.978846700,2024-01-12 11:55:57.455152263,1.946388888888889
User_75,2024-01-13 08:42:06.567052844,2024-01-13 12:28:25.791405761,3.7719444444444443
User_75,2024-01-14 06:31:55.341104265,2024-01-14 08:38:35.507541297,2.111111111111111
User_75,2024-01-15 09:47:49.532729936,2024-01-15 16:57:15.490447072,7.156944444444444
User_75,2024-01-16 09:37:41.404229976,2024-01-16 17:34:08.030180826,7.940555555555555
User_75,2024-01-17 06:49:59.741616122,2024-01-17 10:19:16.812917696,3.4880555555555555
User_75,2024-01-18 08:40:36.754030918,2024-01-18 13:03:48.578035406,4.386388888888889
User_75,2024-01-19 07:40:24.809280648,2024-01-19 11:10:41.652763904,3.5044444444444443
User_75,2024-01-20 08:22:30.441099985,2024-01-20 13:24:15.395501715,5.028888888888889
User_75,2024-01-21 06:38:44.992810525,2024-01-21 10:56:52.836715989,4.301944444444445
User_75,2024-01-22 08:12:49.993577421,2024-01-22 13:12:21.224433452,4.991944444444444
User_75,2024-01-23 06:50:25.543577937,2024-01-23 13:02:10.782662694,6.195833333333334
User_75,2024-01-24 06:06:02.866965423,2024-01-24 09:35:04.629725110,3.483611111111111
User_75,2024-01-25 09:07:15.062138913,2024-01-25 14:04:05.163749509,4.947222222222222
User_75,2024-01-26 07:02:40.739028156,2024-01-26 12:54:33.557635600,5.864444444444445
User_75,2024-01-27 08:16:10.429595847,2024-01-27 14:50:35.768554147,6.573611111111111
User_75,2024-01-28 08:56:24.362681133,2024-01-28 14:12:39.082316446,5.270555555555555
User_75,2024-01-29 07:57:09.758524475,2024-01-29 09:53:05.948091296,1.9322222222222223
User_75,2024-01-30 07:02:43.195457549,2024-01-30 10:58:44.502175059,3.933611111111111
User_76,2024-01-01 08:23:49.909732891,2024-01-01 12:59:35.347684316,4.595833333333333
User_76,2024-01-02 07:09:09.857173817,2024-01-02 08:11:52.758990117,1.045
User_76,2024-01-03 07:59:05.844795371,2024-01-03 10:59:03.619707139,2.9991666666666665
User_76,2024-01-04 08:56:18.359530231,2024-01-04 10:06:21.805415047,1.1675
User_76,2024-01-05 08:20:21.520482803,2024-01-05 15:55:46.671267955,7.590277777777778
User_76,2024-01-06 06:41:51.493446405,2024-01-06 10:59:57.060613320,4.301388888888889
User_76,2024-01-07 06:21:56.476682166,2024-01-07 11:44:43.660871152,5.379722222222222
User_76,2024-01-08 08:12:07.656200585,2024-01-08 12:03:13.267410748,3.8513888888888888
User_76,2024-01-09 08:05:07.829109221,2024-01-09 15:21:41.510502640,7.275833333333333
User_76,2024-01-10 06:47:06.637953279,2024-01-10 07:56:35.263648253,1.1577777777777778
User_76,2024-01-11 09:26:47.974339667,2024-01-11 14:29:11.324815842,5.039722222222222
User_76,2024-01-12 09:33:45.481758650,2024-01-12 14:44:28.501388661,5.1786111111111115
User_76,2024-01-13 09:14:26.319695419,2024-01-13 13:14:54.088451968,4.0075
User_76,2024-01-14 08:59:57.983010551,2024-01-14 16:23:26.627976175,7.391111111111111
User_76,2024-01-15 08:17:18.570677599,2024-01-15 10:33:14.356471770,2.265277777777778
User_76,2024-01-16 07:04:30.685656434,2024-01-16 09:27:56.528994248,2.390277777777778
User_76,2024-01-17 06:59:14.741197378,2024-01-17 10:07:56.410521024,3.144722222222222
User_76,2024-01-18 08:13:13.926529245,2024-01-18 13:20:11.315591733,5.115833333333334
User_76,2024-01-19 07:42:21.596360282,2024-01-19 13:00:50.200011767,5.307777777777778
User_76,2024-01-20 06:19:34.678928803,2024-01-20 07:56:26.942502668,1.6144444444444443
User_76,2024-01-21 06:41:14.344229150,2024-01-21 11:18:49.897179766,4.626388888888889
User_76,2024-01-22 06:51:21.523373255,2024-01-22 09:50:20.290341267,2.9827777777777778
User_76,2024-01-23 07:36:04.504840891,2024-01-23 14:17:03.531165952,6.683055555555556
User_76,2024-01-24 06:03:19.614757145,2024-01-24 11:36:03.961027107,5.545555555555556
User_76,2024-01-25 08:40:31.822046985,2024-01-25 15:15:57.947711972,6.5905555555555555
User_76,2024-01-26 09:43:51.642322468,2024-01-26 10:52:19.116115990,1.1408333333333334
User_76,2024-01-27 06:36:54.485359390,2024-01-27 13:49:06.001969601,7.203055555555555
User_76,2024-01-28 07:50:02.667295493,2024-01-28 12:47:10.351396616,4.951944444444444
User_76,2024-01-29 08:39:07.591733613,2024-01-29 14:24:20.070166903,5.753333333333333
User_76,2024-01-30 09:43:37.061807757,2024-01-30 17:42:20.187126531,7.978611111111111
User_77,2024-01-01 08:52:50.267437405,2024-01-01 11:53:28.241909374,3.0102777777777776
User_77,2024-01-02 09:31:08.434593038,2024-01-02 10:51:48.801639465,1.3444444444444446
User_77,2024-01-03 06:55:27.564281392,2024-01-03 14:12:21.684361477,7.281666666666666
User_77,2024-01-04 07:01:29.157807926,2024-01-04 09:34:09.564510394,2.5444444444444443
User_77,2024-01-05 06:33:09.004221219,2024-01-05 13:33:58.620513921,7.0136111111111115
User_77,2024-01-06 08:00:00.838932351,2024-01-06 13:43:28.147649315,5.724166666666667
User_77,2024-01-07 06:57:22.555930680,2024-01-07 13:15:45.174540162,6.306111111111111
User_77,2024-01-08 09:02:24.079847454,2024-01-08 12:13:41.550075143,3.1880555555555556
User_77,2024-01-09 07:38:33.829915348,2024-01-09 10:06:38.024906589,2.4677777777777776
User_77,2024-01-10 09:54:22.478735849,2024-01-10 15:25:31.663677720,5.519166666666667
User_77,2024-01-11 09:44:17.431882303,2024-01-11 12:51:42.747581757,3.123611111111111
User_77,2024-01-12 09:07:39.229147155,2024-01-12 15:29:18.866973050,6.360833333333333
User_77,2024-01-13 08:45:59.841386878,2024-01-13 16:31:33.943563601,7.759444444444444
User_77,2024-01-14 07:34:27.196839930,2024-01-14 09:29:21.273394391,1.915
User_77,2024-01-15 08:41:12.607573114,2024-01-15 14:47:31.214545139,6.105
User_77,2024-01-16 08:18:00.872257806,2024-01-16 10:44:52.683164767,2.4475
User_77,2024-01-17 08:01:04.165560038,2024-01-17 11:12:11.346921580,3.185277777777778
User_77,2024-01-18 07:42:35.518005600,2024-01-18 13:13:35.026116885,5.516388888888889
User_77,2024-01-19 08:58:51.092294748,2024-01-19 11:36:23.154505461,2.6255555555555556
User_77,2024-01-20 07:37:16.685193316,2024-01-20 10:30:19.556782305,2.883888888888889
User_77,2024-01-21 06:47:40.295239610,2024-01-21 13:16:41.653183505,6.483611111111111
User_77,2024-01-22 09:38:13.238799892,2024-01-22 13:13:43.089879143,3.591388888888889
User_77,2024-01-23 09:00:18.416510982,2024-01-23 16:17:02.697802965,7.278888888888889
User_77,2024-01-24 09:23:04.188631635,2024-01-24 11:39:51.086022823,2.2794444444444446
User_77,2024-01-25 09:49:30.603093792,2024-01-25 13:27:42.849392614,3.6366666666666667
User_77,2024-01-26 07:21:25.065520903,2024-01-26 08:47:38.334968303,1.4369444444444444
User_77,2024-01-27 07:56:40.900619110,2024-01-27 09:42:28.043733261,1.7630555555555556
User_77,2024-01-28 06:59:38.973421354,2024-01-28 10:12:45.927489889,3.2183333333333333
User_77,2024-01-29 09:14:07.099058280,2024-01-29 16:21:49.413048256,7.128333333333333
User_77,2024-01-30 07:12:35.514971445,2024-01-30 14:13:14.707626808,7.010833333333333
User_78,2024-01-01 09:25:44.125498124,2024-01-01 15:46:53.329447822,6.3525
User_78,2024-01-02 06:35:12.409641818,2024-01-02 12:25:08.545383716,5.832222222222223
User_78,2024-01-03 09:46:48.346529960,2024-01-03 15:33:28.366594892,5.777777777777778
User_78,2024-01-04 07:19:35.282627152,2024-01-04 11:49:49.881426408,4.503888888888889
User_78,2024-01-05 08:34:58.440624255,2024-01-05 13:09:24.814924213,4.573888888888889
User_78,2024-01-06 06:28:47.322360925,2024-01-06 09:39:51.336286155,3.1844444444444444
User_78,2024-01-07 09:12:34.502839972,2024-01-07 16:14:22.237601579,7.029722222222222
User_78,2024-01-08 06:32:57.120471104,2024-01-08 14:12:57.266631551,7.666666666666667
User_78,2024-01-09 07:18:55.045697019,2024-01-09 12:57:05.351913033,5.636111111111111
User_78,2024-01-10 09:00:26.282101776,2024-01-10 15:41:27.327214650,6.683611111111111
User_78,2024-01-11 09:46:58.795712053,2024-01-11 12:58:24.368322379,3.1902777777777778
User_78,2024-01-12 09:26:02.492945542,2024-01-12 11:21:21.002912134,1.9216666666666666
User_78,2024-01-13 08:49:12.589051491,2024-01-13 15:00:50.427835243,6.193611111111111
User_78,2024-01-14 08:42:39.214673299,2024-01-14 11:28:37.546023904,2.766111111111111
User_78,2024-01-15 09:29:31.821317018,2024-01-15 11:40:27.054593951,2.1819444444444445
User_78,2024-01-16 06:12:52.340997899,2024-01-16 12:14:12.458761319,6.022222222222222
User_78,2024-01-17 07:54:06.850299351,2024-01-17 14:50:44.120402309,6.943611111111111
User_78,2024-01-18 07:32:00.918831238,2024-01-18 09:42:41.539261632,2.1777777777777776
User_78,2024-01-19 09:20:44.767571566,2024-01-19 14:11:17.290288895,4.842222222222222
User_78,2024-01-20 06:45:24.419410421,2024-01-20 12:47:58.096174799,6.0425
User_78,2024-01-21 08:02:40.036394248,2024-01-21 13:16:28.723546704,5.23
User_78,2024-01-22 07:50:36.936070174,2024-01-22 14:38:40.402462387,6.800833333333333
User_78,2024-01-23 09:19:05.703105835,2024-01-23 15:17:02.301415809,5.9655555555555555
User_78,2024-01-24 06:25:17.779834509,2024-01-24 13:17:36.897154491,6.871944444444445
User_78,2024-01-25 08:41:02.586919673,2024-01-25 14:33:47.595902981,5.879166666666666
User_78,2024-01-26 07:27:06.952901815,2024-01-26 14:36:24.797716971,7.154722222222222
User_78,2024-01-27 08:54:05.351043381,2024-01-27 10:41:22.630799916,1.7880555555555555
User_78,2024-01-28 07:37:52.003695448,2024-01-28 14:50:08.788816843,7.204444444444444
User_78,2024-01-29 06:11:19.632504442,2024-01-29 13:55:07.331319421,7.729722222222223
User_78,2024-01-30 08:42:59.940983801,2024-01-30 14:08:10.615620414,5.419444444444444
User_79,2024-01-01 07:04:56.053293427,2024-01-01 09:49:25.606369654,2.741388888888889
User_79,2024-01-02 09:46:05.638360635,2024-01-02 12:51:22.104207334,3.0877777777777777
User_79,2024-01-03 09:06:07.276272753,2024-01-03 12:51:13.945587571,3.7516666666666665
User_79,2024-01-04 06:33:25.258619299,2024-01-04 07:37:55.284121222,1.075
User_79,2024-01-05 08:10:37.305653019,2024-01-05 16:00:26.931880452,7.830277777777778
User_79,2024-01-06 07:28:35.561190852,2024-01-06 10:58:36.808007476,3.500277777777778
User_79,2024-01-07 07:22:34.919297031,2024-01-07 12:01:12.623997113,4.643611111111111
User_79,2024-01-08 07:45:45.574321309,2024-01-08 14:55:19.422914829,7.159166666666667
User_79,2024-01-09 08:01:19.499400818,2024-01-09 12:34:34.996923169,4.554166666666666
User_79,2024-01-10 06:33:12.550963976,2024-01-10 14:25:57.587394917,7.879166666666666
User_79,2024-01-11 06:59:59.609628511,2024-01-11 08:30:48.384128492,1.5133333333333334
User_79,2024-01-12 08:39:09.305985243,2024-01-12 13:49:12.538513196,5.1675
User_79,2024-01-13 07:39:38.097417495,2024-01-13 11:36:57.341711288,3.955277777777778
User_79,2024-01-14 09:08:24.920463068,2024-01-14 11:30:36.878993579,2.3697222222222223
User_79,2024-01-15 09:16:51.647792806,2024-01-15 14:49:20.075062960,5.541111111111111
User_79,2024-01-16 07:40:33.164742425,2024-01-16 11:52:55.485880338,4.206111111111111
User_79,2024-01-17 07:01:35.719783479,2024-01-17 13:17:29.000967442,6.264722222222222
User_79,2024-01-18 08:03:05.396289195,2024-01-18 11:17:50.930766491,3.245833333333333
User_79,2024-01-19 08:23:03.121666957,2024-01-19 16:21:15.629858650,7.97
User_79,2024-01-20 07:44:27.776827054,2024-01-20 15:11:09.200126675,7.4447222222222225
User_79,2024-01-21 07:22:48.242494913,2024-01-21 08:45:47.506709422,1.3830555555555555
User_79,2024-01-22 06:49:01.086331705,2024-01-22 10:44:52.203943562,3.930833333333333
User_79,2024-01-23 06:52:42.742971761,2024-01-23 07:52:48.464334861,1.0013888888888889
User_79,2024-01-24 09:39:36.022143564,2024-01-24 16:34:01.783306583,6.906944444444444
User_79,2024-01-25 08:58:09.008133412,2024-01-25 11:08:37.935943691,2.1744444444444446
User_79,2024-01-26 06:28:53.235497423,2024-01-26 07:57:16.875184127,1.4730555555555556
User_79,2024-01-27 08:53:46.020318330,2024-01-27 16:23:51.980927664,7.501388888888889
User_79,2024-01-28 07:43:19.715821147,2024-01-28 09:33:22.060755447,1.833888888888889
User_79,2024-01-29 08:02:58.456618542,2024-01-29 11:29:29.020686499,3.441666666666667
User_79,2024-01-30 07:29:57.478910639,2024-01-30 12:50:55.010639362,5.349166666666667
User_80,2024-01-01 08:52:29.540830975,2024-01-01 10:38:56.751522578,1.7741666666666667
User_80,2024-01-02 06:08:32.499323613,2024-01-02 14:06:09.622951293,7.960277777777778
User_80,2024-01-03 06:55:51.288224383,2024-01-03 08:18:27.817452076,1.3766666666666667
User_80,2024-01-04 06:45:34.204738981,2024-01-04 08:01:55.942466962,1.2725
User_80,2024-01-05 07:34:02.076882487,2024-01-05 14:11:02.601850660,6.616666666666666
User_80,2024-01-06 07:21:53.920076511,2024-01-06 11:28:27.341929845,4.109166666666667
User_80,2024-01-07 08:42:08.449539371,2024-01-07 13:15:52.580105131,4.562222222222222
User_80,2024-01-08 09:26:44.817878707,2024-01-08 16:30:28.916889860,7.062222222222222
User_80,2024-01-09 06:02:22.714015072,2024-01-09 12:29:09.480938448,6.446111111111111
User_80,2024-01-10 07:50:34.563843480,2024-01-10 15:45:53.345484332,7.921666666666667
User_80,2024-01-11 07:55:58.541892606,2024-01-11 15:50:28.319716391,7.908055555555555
User_80,2024-01-12 09:01:05.798801362,2024-01-12 11:45:30.641893617,2.74
User_80,2024-01-13 08:09:12.887701732,2024-01-13 16:05:54.705816592,7.9447222222222225
User_80,2024-01-14 09:25:48.440751627,2024-01-14 11:06:42.086475165,1.6813888888888888
User_80,2024-01-15 08:49:31.756754063,2024-01-15 12:14:40.362318007,3.418888888888889
User_80,2024-01-16 06:01:40.544571077,2024-01-16 09:51:08.264990557,3.8241666666666667
User_80,2024-01-17 06:56:20.463672839,2024-01-17 13:40:15.969289954,6.731944444444444
User_80,2024-01-18 07:20:57.560767379,2024-01-18 14:08:31.157855015,6.7925
User_80,2024-01-19 06:00:08.610319221,2024-01-19 09:09:25.652899879,3.1547222222222224
User_80,2024-01-20 06:57:52.779086031,2024-01-20 09:35:58.676584959,2.6347222222222224
User_80,2024-01-21 06:16:21.887324622,2024-01-21 08:34:57.418938966,2.3097222222222222
User_80,2024-01-22 08:13:19.913806352,2024-01-22 11:15:42.212841863,3.0394444444444444
User_80,2024-01-23 07:40:10.484865539,2024-01-23 11:18:27.530250288,3.6380555555555554
User_80,2024-01-24 09:30:13.030919998,2024-01-24 16:50:26.565695062,7.336944444444445
User_80,2024-01-25 07:58:18.580391844,2024-01-25 11:16:58.510339797,3.3108333333333335
User_80,2024-01-26 06:25:37.930137634,2024-01-26 14:06:03.682698062,7.673611111111111
User_80,2024-01-27 06:14:27.268006564,2024-01-27 09:19:28.055001284,3.0833333333333335
User_80,2024-01-28 07:11:32.153296848,2024-01-28 10:26:06.265707581,3.242777777777778
User_80,2024-01-29 06:39:25.730543122,2024-01-29 13:08:21.398602399,6.481944444444444
User_80,2024-01-30 06:29:23.969212310,2024-01-30 11:56:03.617022969,5.444166666666667
User_81,2024-01-01 06:29:43.382784563,2024-01-01 07:59:20.880851905,1.493611111111111
User_81,2024-01-02 09:38:15.784853076,2024-01-02 11:58:07.029764307,2.3308333333333335
User_81,2024-01-03 09:17:06.002225659,2024-01-03 14:05:50.700177558,4.812222222222222
User_81,2024-01-04 06:18:41.133882366,2024-01-04 13:59:58.428306605,7.688055555555556
User_81,2024-01-05 06:59:16.240804683,2024-01-05 14:00:19.303507568,7.0175
User_81,2024-01-06 06:40:30.864083297,2024-01-06 13:39:10.224713271,6.9775
User_81,2024-01-07 06:03:10.494905836,2024-01-07 10:38:07.362411386,4.582222222222223
User_81,2024-01-08 09:04:39.973143670,2024-01-08 16:37:16.820184488,7.543333333333333
User_81,2024-01-09 09:38:12.510761373,2024-01-09 16:22:27.057473973,6.737222222222222
User_81,2024-01-10 09:33:09.955435122,2024-01-10 11:56:50.291518216,2.3944444444444444
User_81,2024-01-11 07:08:12.253858248,2024-01-11 10:09:34.260686258,3.022777777777778
User_81,2024-01-12 07:30:29.576606424,2024-01-12 11:15:41.257500130,3.7530555555555556
User_81,2024-01-13 08:10:41.596675027,2024-01-13 10:17:50.566711861,2.118888888888889
User_81,2024-01-14 08:45:53.951958518,2024-01-14 10:56:16.628748991,2.1727777777777777
User_81,2024-01-15 07:14:28.442142305,2024-01-15 11:45:52.739433580,4.523333333333333
User_81,2024-01-16 09:11:08.744085938,2024-01-16 15:21:43.368763553,6.176111111111111
User_81,2024-01-17 08:34:55.694732311,2024-01-17 10:40:21.180898931,2.0902777777777777
User_81,2024-01-18 08:11:17.452976864,2024-01-18 09:48:01.104822221,1.6119444444444444
User_81,2024-01-19 07:30:34.029745871,2024-01-19 11:24:14.646309177,3.8944444444444444
User_81,2024-01-20 06:09:33.284728018,2024-01-20 09:04:37.784834661,2.917777777777778
User_81,2024-01-21 09:49:21.352328637,2024-01-21 17:29:52.894045945,7.675277777777778
User_81,2024-01-22 07:24:33.509581236,2024-01-22 08:42:39.632326733,1.3016666666666667
User_81,2024-01-23 06:42:58.967126325,2024-01-23 10:27:42.855520850,3.745277777777778
User_81,2024-01-24 09:47:28.027650756,2024-01-24 11:46:46.244051893,1.9883333333333333
User_81,2024-01-25 09:03:14.628148822,2024-01-25 10:48:53.428141064,1.7605555555555557
User_81,2024-01-26 09:55:30.109114434,2024-01-26 13:35:46.844891984,3.671111111111111
User_81,2024-01-27 09:06:03.377360146,2024-01-27 12:29:56.672646986,3.3980555555555556
User_81,2024-01-28 08:30:38.431831086,2024-01-28 10:51:17.237166534,2.343888888888889
User_81,2024-01-29 06:35:02.702677876,2024-01-29 14:09:01.918994992,7.566388888888889
User_81,2024-01-30 09:40:14.120801823,2024-01-30 16:52:58.338095187,7.2122222222222225
User_82,2024-01-01 08:30:06.241682398,2024-01-01 15:09:34.600605048,6.657777777777778
User_82,2024-01-02 06:16:34.131891523,2024-01-02 09:37:10.815747168,3.3433333333333333
User_82,2024-01-03 07:15:17.324996503,2024-01-03 12:42:15.587109708,5.4494444444444445
User_82,2024-01-04 07:25:25.791937977,2024-01-04 09:27:48.162835397,2.0394444444444444
User_82,2024-01-05 08:23:09.125885955,2024-01-05 15:05:11.600686815,6.700555555555556
User_82,2024-01-06 07:31:42.578320223,2024-01-06 09:27:15.749940704,1.9258333333333333
User_82,2024-01-07 06:47:12.310041304,2024-01-07 09:26:56.889331572,2.6622222222222223
User_82,2024-01-08 07:11:58.525339121,2024-01-08 12:41:56.961115879,5.499444444444444
User_82,2024-01-09 08:24:13.614977343,2024-01-09 14:16:34.827488832,5.8725
User_82,2024-01-10 07:27:00.028577253,2024-01-10 14:13:04.769404628,6.767777777777778
User_82,2024-01-11 06:48:58.862320642,2024-01-11 11:05:58.689158099,4.283055555555555
User_82,2024-01-12 09:12:13.517590196,2024-01-12 11:27:53.515513058,2.2608333333333333
User_82,2024-01-13 06:26:22.028837867,2024-01-13 13:37:30.864823604,7.185555555555555
User_82,2024-01-14 07:22:18.187143732,2024-01-14 13:09:31.714291439,5.786944444444444
User_82,2024-01-15 06:06:05.019901400,2024-01-15 11:55:54.201489318,5.830277777777778
User_82,2024-01-16 07:15:51.858886276,2024-01-16 08:39:16.528396679,1.39
User_82,2024-01-17 08:26:21.303766292,2024-01-17 11:07:29.559931335,2.6855555555555557
User_82,2024-01-18 07:32:50.024285547,2024-01-18 09:06:40.660755167,1.5638888888888889
User_82,2024-01-19 06:35:19.150815767,2024-01-19 09:40:28.177150262,3.0858333333333334
User_82,2024-01-20 06:21:32.536808066,2024-01-20 13:44:05.358678161,7.375555555555556
User_82,2024-01-21 06:01:27.077421849,2024-01-21 10:24:40.354937229,4.3869444444444445
User_82,2024-01-22 06:29:34.763397108,2024-01-22 09:38:48.276451952,3.153611111111111
User_82,2024-01-23 09:42:15.257661383,2024-01-23 11:50:09.960403887,2.131666666666667
User_82,2024-01-24 09:51:47.985403943,2024-01-24 12:18:14.003704076,2.4405555555555556
User_82,2024-01-25 08:57:58.551961922,2024-01-25 13:47:34.819037334,4.826666666666667
User_82,2024-01-26 09:32:16.493677393,2024-01-26 14:24:57.123716071,4.877777777777778
User_82,2024-01-27 08:08:17.652755850,2024-01-27 10:30:23.194365133,2.3680555555555554
User_82,2024-01-28 06:39:53.702813543,2024-01-28 14:04:49.229421653,7.415277777777778
User_82,2024-01-29 07:18:40.870063440,2024-01-29 10:54:57.342888504,3.6044444444444443
User_82,2024-01-30 09:02:21.460681368,2024-01-30 12:24:39.812438422,3.3716666666666666
User_83,2024-01-01 09:48:29.699231601,2024-01-01 15:58:25.479010370,6.165277777777778
User_83,2024-01-02 08:23:22.981093057,2024-01-02 15:33:21.539138784,7.166111111111111
User_83,2024-01-03 06:11:54.325080232,2024-01-03 08:59:52.304923400,2.799166666666667
User_83,2024-01-04 07:51:36.523212781,2024-01-04 10:26:56.382407463,2.588611111111111
User_83,2024-01-05 08:58:32.234697150,2024-01-05 16:24:36.277079703,7.434444444444445
User_83,2024-01-06 07:41:42.289727005,2024-01-06 11:05:24.031249824,3.394722222222222
User_83,2024-01-07 09:50:46.330542780,2024-01-07 13:57:36.611850034,4.113888888888889
User_83,2024-01-08 07:57:22.296966469,2024-01-08 11:25:03.873749485,3.461388888888889
User_83,2024-01-09 09:38:17.498011374,2024-01-09 14:37:15.176190076,4.9825
User_83,2024-01-10 09:02:55.314055415,2024-01-10 15:43:52.843357857,6.6825
User_83,2024-01-11 07:22:02.626203608,2024-01-11 11:24:11.723352881,4.035833333333334
User_83,2024-01-12 09:23:37.993551450,2024-01-12 12:56:12.028413680,3.542777777777778
User_83,2024-01-13 09:10:32.665921706,2024-01-13 16:45:45.672450581,7.586944444444445
User_83,2024-01-14 08:29:34.229372179,2024-01-14 14:41:03.237015966,6.191388888888889
User_83,2024-01-15 09:13:13.401293392,2024-01-15 16:08:08.400445587,6.915
User_83,2024-01-16 07:34:48.768065137,2024-01-16 08:56:20.607236372,1.3586111111111112
User_83,2024-01-17 07:36:27.018305809,2024-01-17 13:19:25.675296368,5.716111111111111
User_83,2024-01-18 07:48:05.045555243,2024-01-18 14:02:38.916956925,6.2425
User_83,2024-01-19 07:25:40.546984348,2024-01-19 12:52:16.099340169,5.4430555555555555
User_83,2024-01-20 06:44:44.445189897,2024-01-20 12:59:28.554993349,6.245555555555556
User_83,2024-01-21 08:10:58.021950907,2024-01-21 10:36:40.444542281,2.4283333333333332
User_83,2024-01-22 07:10:03.520898368,2024-01-22 13:24:28.460354630,6.24
User_83,2024-01-23 07:55:49.457793525,2024-01-23 10:26:33.450091430,2.5119444444444445
User_83,2024-01-24 09:52:08.705141332,2024-01-24 15:52:29.855640717,6.005833333333333
User_83,2024-01-25 09:49:42.741588573,2024-01-25 13:49:05.788731653,3.9897222222222224
User_83,2024-01-26 07:54:01.444905960,2024-01-26 15:11:09.916353822,7.285555555555556
User_83,2024-01-27 08:06:00.710499533,2024-01-27 14:03:04.139079555,5.950833333333334
User_83,2024-01-28 07:00:31.289435935,2024-01-28 11:08:08.796447241,4.126944444444445
User_83,2024-01-29 06:29:37.678067669,2024-01-29 08:56:08.374971768,2.441666666666667
User_83,2024-01-30 06:00:13.585179853,2024-01-30 07:16:43.064481399,1.2747222222222223
User_84,2024-01-01 09:54:32.887053747,2024-01-01 12:36:20.200171193,2.696388888888889
User_84,2024-01-02 08:39:11.674216857,2024-01-02 15:31:36.986626607,6.873611111111111
User_84,2024-01-03 08:12:09.510613006,2024-01-03 10:16:28.752015121,2.0719444444444446
User_84,2024-01-04 08:54:44.876697640,2024-01-04 14:06:51.212232149,5.201666666666667
User_84,2024-01-05 08:55:30.008486602,2024-01-05 15:18:47.623382600,6.388055555555556
User_84,2024-01-06 09:54:05.909294660,2024-01-06 14:54:59.703951333,5.014722222222222
User_84,2024-01-07 07:21:59.632022744,2024-01-07 12:54:20.938856629,5.539166666666667
User_84,2024-01-08 06:16:25.546213093,2024-01-08 13:33:19.958634796,7.281666666666666
User_84,2024-01-09 06:28:39.086563270,2024-01-09 09:46:20.726077992,3.294722222222222
User_84,2024-01-10 09:15:46.733481016,2024-01-10 14:26:39.005414949,5.181111111111111
User_84,2024-01-11 07:34:28.351491995,2024-01-11 11:53:18.930108245,4.313888888888889
User_84,2024-01-12 09:25:05.482462111,2024-01-12 12:47:53.592990820,3.38
User_84,2024-01-13 09:28:42.955461295,2024-01-13 11:05:43.943121907,1.6166666666666667
User_84,2024-01-14 09:06:25.897495804,2024-01-14 16:02:24.097848783,6.932777777777778
User_84,2024-01-15 06:43:38.174200857,2024-01-15 10:44:22.906816636,4.012222222222222
User_84,2024-01-16 06:39:43.196755156,2024-01-16 12:36:29.620805810,5.946111111111111
User_84,2024-01-17 08:08:29.007860087,2024-01-17 13:35:19.156197136,5.447222222222222
User_84,2024-01-18 06:47:09.412324169,2024-01-18 09:16:05.408047889,2.4819444444444443
User_84,2024-01-19 06:09:57.561487342,2024-01-19 09:25:13.663374274,3.2544444444444443
User_84,2024-01-20 08:14:20.323123204,2024-01-20 15:14:40.282955936,7.005277777777778
User_84,2024-01-21 08:40:03.755243405,2024-01-21 12:42:55.742593078,4.0475
User_84,2024-01-22 09:48:44.929647275,2024-01-22 15:50:49.908701785,6.0344444444444445
User_84,2024-01-23 09:43:14.378921220,2024-01-23 14:24:49.595847678,4.6930555555555555
User_84,2024-01-24 07:02:08.221557021,2024-01-24 08:24:19.454053411,1.3697222222222223
User_84,2024-01-25 08:54:15.621861367,2024-01-25 10:45:12.457411106,1.8488888888888888
User_84,2024-01-26 07:12:39.961847116,2024-01-26 11:56:18.228725790,4.727222222222222
User_84,2024-01-27 08:15:27.598864028,2024-01-27 13:27:42.295428103,5.203888888888889
User_84,2024-01-28 06:39:54.076757035,2024-01-28 10:19:23.459358540,3.6580555555555554
User_84,2024-01-29 08:28:07.596870484,2024-01-29 16:15:27.032259255,7.788611111111111
User_84,2024-01-30 08:54:37.888382875,2024-01-30 16:22:07.503061642,7.458055555555555
User_85,2024-01-01 09:02:55.853639724,2024-01-01 14:11:27.121255812,5.141944444444444
User_85,2024-01-02 06:46:05.136515563,2024-01-02 12:26:05.614943254,5.666666666666667
User_85,2024-01-03 08:29:36.665749822,2024-01-03 13:42:38.888845345,5.217222222222222
User_85,2024-01-04 07:57:32.916499030,2024-01-04 12:39:35.062919559,4.700555555555556
User_85,2024-01-05 07:20:15.972390500,2024-01-05 11:58:22.652245086,4.635
User_85,2024-01-06 06:47:24.805041770,2024-01-06 13:25:35.199855251,6.636111111111111
User_85,2024-01-07 06:44:35.188147661,2024-01-07 08:20:16.338652875,1.5947222222222222
User_85,2024-01-08 07:44:41.942779543,2024-01-08 13:21:11.290255095,5.608055555555556
User_85,2024-01-09 07:45:03.122279042,2024-01-09 10:41:17.326404214,2.937222222222222
User_85,2024-01-10 08:13:57.665048022,2024-01-10 11:39:42.123900409,3.428888888888889
User_85,2024-01-11 09:43:53.294737823,2024-01-11 17:11:23.952255833,7.458333333333333
User_85,2024-01-12 08:00:34.154207598,2024-01-12 11:18:16.830856858,3.295
User_85,2024-01-13 08:56:54.706760975,2024-01-13 10:12:19.872936748,1.2569444444444444
User_85,2024-01-14 07:53:56.673687028,2024-01-14 11:15:12.023222640,3.3541666666666665
User_85,2024-01-15 09:40:55.716745476,2024-01-15 10:45:58.193032747,1.083888888888889
User_85,2024-01-16 08:12:40.534210344,2024-01-16 14:23:45.256453222,6.184444444444445
User_85,2024-01-17 07:56:24.259020346,2024-01-17 09:32:16.415380446,1.5977777777777777
User_85,2024-01-18 09:53:23.444016401,2024-01-18 14:30:57.306887078,4.6258333333333335
User_85,2024-01-19 08:27:24.281918193,2024-01-19 11:06:46.848442422,2.656111111111111
User_85,2024-01-20 07:56:02.372425537,2024-01-20 11:56:16.939622886,4.003888888888889
User_85,2024-01-21 06:17:58.500124828,2024-01-21 08:02:33.741034224,1.7430555555555556
User_85,2024-01-22 09:20:59.604282510,2024-01-22 12:01:43.067078116,2.678611111111111
User_85,2024-01-23 06:46:47.399109580,2024-01-23 11:18:51.167681083,4.534166666666667
User_85,2024-01-24 09:04:29.958691620,2024-01-24 10:30:31.010959810,1.4336111111111112
User_85,2024-01-25 08:18:26.034042790,2024-01-25 10:08:30.137202372,1.8344444444444445
User_85,2024-01-26 06:08:45.039131888,2024-01-26 07:30:54.186726375,1.3691666666666666
User_85,2024-01-27 09:20:11.963158201,2024-01-27 11:09:44.869745628,1.8255555555555556
User_85,2024-01-28 06:10:50.179647537,2024-01-28 10:14:45.256803538,4.065277777777778
User_85,2024-01-29 09:22:33.505995965,2024-01-29 12:12:46.197083495,2.8366666666666664
User_85,2024-01-30 07:41:12.661692373,2024-01-30 08:57:58.709512979,1.2794444444444444
User_86,2024-01-01 07:47:46.730603542,2024-01-01 12:50:22.580235597,5.043055555555555
User_86,2024-01-02 08:17:01.061574030,2024-01-02 11:36:38.214216824,3.3269444444444445
User_86,2024-01-03 07:15:43.677801549,2024-01-03 09:00:30.592998751,1.7461111111111112
User_86,2024-01-04 07:28:01.895817306,2024-01-04 09:09:49.161472904,1.696388888888889
User_86,2024-01-05 09:03:58.981603853,2024-01-05 16:49:49.093907107,7.763888888888889
User_86,2024-01-06 09:52:49.072176000,2024-01-06 16:56:08.863880259,7.0552777777777775
User_86,2024-01-07 08:24:11.406950490,2024-01-07 14:18:33.222521035,5.905833333333334
User_86,2024-01-08 07:08:26.963558597,2024-01-08 12:33:22.378146947,5.415277777777778
User_86,2024-01-09 07:49:21.353511934,2024-01-09 12:11:48.190474312,4.373888888888889
User_86,2024-01-10 09:01:51.982469402,2024-01-10 12:00:16.325030452,2.973333333333333
User_86,2024-01-11 07:16:19.770408401,2024-01-11 14:44:40.743544842,7.472222222222222
User_86,2024-01-12 06:13:29.629845854,2024-01-12 10:37:27.614165870,4.399166666666667
User_86,2024-01-13 09:39:04.331525873,2024-01-13 14:55:25.479322890,5.2725
User_86,2024-01-14 08:11:08.261868654,2024-01-14 10:56:01.815185233,2.7480555555555557
User_86,2024-01-15 07:22:23.167042528,2024-01-15 14:20:14.787120806,6.964166666666666
User_86,2024-01-16 08:14:12.741097465,2024-01-16 12:50:24.244380135,4.603055555555556
User_86,2024-01-17 06:23:53.947874976,2024-01-17 07:30:37.857417645,1.1119444444444444
User_86,2024-01-18 09:51:17.066717093,2024-01-18 13:29:37.118132721,3.638888888888889
User_86,2024-01-19 08:24:46.268094232,2024-01-19 09:58:15.087938551,1.5577777777777777
User_86,2024-01-20 08:43:56.845714411,2024-01-20 16:15:37.526773801,7.527777777777778
User_86,2024-01-21 08:18:09.579643162,2024-01-21 10:11:07.685767022,1.8827777777777779
User_86,2024-01-22 08:19:36.789995618,2024-01-22 14:41:28.739765855,6.364166666666667
User_86,2024-01-23 07:37:32.398126665,2024-01-23 14:47:04.309374789,7.158611111111111
User_86,2024-01-24 08:35:41.034528346,2024-01-24 15:53:22.107269233,7.294722222222222
User_86,2024-01-25 08:29:38.476481961,2024-01-25 10:24:46.933376482,1.9188888888888889
User_86,2024-01-26 07:14:19.560639914,2024-01-26 09:39:04.793335875,2.4125
User_86,2024-01-27 09:38:07.101567122,2024-01-27 15:57:29.183262766,6.322777777777778
User_86,2024-01-28 08:42:20.136512304,2024-01-28 11:48:44.487767020,3.1066666666666665
User_86,2024-01-29 06:44:10.244717523,2024-01-29 13:01:52.812134843,6.295
User_86,2024-01-30 07:53:47.874420658,2024-01-30 10:28:37.771134853,2.580277777777778
User_87,2024-01-01 08:27:59.356485579,2024-01-01 09:44:55.769559467,1.2822222222222222
User_87,2024-01-02 07:18:16.851659446,2024-01-02 11:35:04.487923142,4.279722222222222
User_87,2024-01-03 06:35:30.600011175,2024-01-03 14:29:03.892846464,7.8925
User_87,2024-01-04 06:50:11.002050090,2024-01-04 08:44:55.900927180,1.9122222222222223
User_87,2024-01-05 06:48:50.902183971,2024-01-05 13:11:51.242739596,6.383333333333334
User_87,2024-01-06 07:42:07.281493514,2024-01-06 12:39:35.763175277,4.957777777777777
User_87,2024-01-07 06:05:02.531860603,2024-01-07 07:19:30.200836650,1.2408333333333332
User_87,2024-01-08 07:46:59.887917509,2024-01-08 14:29:59.600046189,6.716388888888889
User_87,2024-01-09 09:32:27.439853388,2024-01-09 11:08:52.445356798,1.6069444444444445
User_87,2024-01-10 08:09:12.428670254,2024-01-10 15:32:45.816764491,7.3925
User_87,2024-01-11 07:33:06.807663329,2024-01-11 14:21:31.866615323,6.8069444444444445
User_87,2024-01-12 06:32:05.217423351,2024-01-12 14:04:57.158562979,7.5475
User_87,2024-01-13 09:00:20.495772450,2024-01-13 16:35:42.122470679,7.589166666666666
User_87,2024-01-14 08:42:23.288163156,2024-01-14 12:15:01.067249541,3.5436111111111113
User_87,2024-01-15 09:45:09.808884356,2024-01-15 12:40:54.091647347,2.928888888888889
User_87,2024-01-16 07:19:43.284317688,2024-01-16 13:14:03.656451331,5.905555555555556
User_87,2024-01-17 09:03:40.554713165,2024-01-17 16:34:01.522506163,7.5055555555555555
User_87,2024-01-18 06:49:09.154690409,2024-01-18 13:24:18.705177933,6.585833333333333
User_87,2024-01-19 08:57:15.063168916,2024-01-19 10:24:02.685986506,1.446388888888889
User_87,2024-01-20 07:32:56.013233426,2024-01-20 10:31:41.702751340,2.9791666666666665
User_87,2024-01-21 07:13:04.662110698,2024-01-21 15:05:54.923475476,7.8805555555555555
User_87,2024-01-22 08:34:15.994754110,2024-01-22 14:35:41.433930506,6.023611111111111
User_87,2024-01-23 09:54:23.293977336,2024-01-23 13:32:48.778895268,3.640277777777778
User_87,2024-01-24 09:12:26.498425720,2024-01-24 13:14:56.678700993,4.041666666666667
User_87,2024-01-25 09:28:41.284874135,2024-01-25 11:44:33.854915179,2.2644444444444445
User_87,2024-01-26 09:47:26.680949725,2024-01-26 12:19:19.728001679,2.531388888888889
User_87,2024-01-27 07:18:17.575300525,2024-01-27 13:35:53.619600015,6.293333333333333
User_87,2024-01-28 07:34:30.074038541,2024-01-28 12:49:57.000733055,5.2572222222222225
User_87,2024-01-29 07:46:41.858415399,2024-01-29 13:58:29.580830061,6.1963888888888885
User_87,2024-01-30 06:54:47.970034107,2024-01-30 08:19:21.111312476,1.4091666666666667
User_88,2024-01-01 07:11:58.983323612,2024-01-01 11:31:11.561678296,4.32
User_88,2024-01-02 06:40:19.488751574,2024-01-02 10:09:20.380450914,3.4833333333333334
User_88,2024-01-03 07:35:59.755463427,2024-01-03 09:00:06.029924371,1.4016666666666666
User_88,2024-01-04 08:19:59.624373852,2024-01-04 15:31:25.078758728,7.190277777777778
User_88,2024-01-05 06:36:25.097946523,2024-01-05 11:47:29.859884241,5.184444444444445
User_88,2024-01-06 08:39:32.244550716,2024-01-06 12:35:39.478497282,3.935277777777778
User_88,2024-01-07 08:48:15.805258045,2024-01-07 12:40:46.240154018,3.875
User_88,2024-01-08 08:01:06.776946875,2024-01-08 09:04:12.073669646,1.051388888888889
User_88,2024-01-09 08:46:00.769643539,2024-01-09 14:23:46.605152946,5.629166666666666
User_88,2024-01-10 06:09:12.972633499,2024-01-10 09:43:52.875339856,3.5775
User_88,2024-01-11 09:54:58.058507400,2024-01-11 13:51:40.619884129,3.945
User_88,2024-01-12 08:00:28.013833898,2024-01-12 15:22:38.253819522,7.3694444444444445
User_88,2024-01-13 08:52:08.571012466,2024-01-13 13:56:36.738316796,5.0744444444444445
User_88,2024-01-14 09:11:28.387411311,2024-01-14 16:14:30.417326001,7.0505555555555555
User_88,2024-01-15 07:49:39.188233016,2024-01-15 12:09:11.919029298,4.325555555555556
User_88,2024-01-16 07:32:39.133473386,2024-01-16 15:18:40.128201851,7.766666666666667
User_88,2024-01-17 08:47:19.194061781,2024-01-17 10:22:16.415330224,1.5825
User_88,2024-01-18 09:27:06.618575707,2024-01-18 13:48:56.729084780,4.363888888888889
User_88,2024-01-19 06:16:30.056252483,2024-01-19 11:07:22.931082598,4.847777777777778
User_88,2024-01-20 07:40:07.165617250,2024-01-20 14:48:46.450619788,7.144166666666667
User_88,2024-01-21 06:48:57.522291975,2024-01-21 13:36:04.430451178,6.785
User_88,2024-01-22 08:13:50.717153070,2024-01-22 09:36:46.896794049,1.3822222222222222
User_88,2024-01-23 09:53:14.572339086,2024-01-23 14:28:32.476490486,4.588055555555556
User_88,2024-01-24 07:09:48.626700934,2024-01-24 11:26:57.679119063,4.285833333333334
User_88,2024-01-25 09:25:53.152082651,2024-01-25 12:33:56.710817154,3.1341666666666668
User_88,2024-01-26 06:46:14.540109408,2024-01-26 08:40:27.135532066,1.9033333333333333
User_88,2024-01-27 07:11:29.175336819,2024-01-27 13:39:06.387130228,6.460277777777778
User_88,2024-01-28 07:53:11.419658811,2024-01-28 10:28:43.956071888,2.5922222222222224
User_88,2024-01-29 06:39:53.063994380,2024-01-29 09:59:37.846802441,3.328888888888889
User_88,2024-01-30 09:45:34.910969554,2024-01-30 13:09:39.184126822,3.401111111111111
User_89,2024-01-01 09:57:08.986693746,2024-01-01 14:20:56.794179032,4.396388888888889
User_89,2024-01-02 06:42:59.960423378,2024-01-02 13:57:16.690736574,7.237777777777778
User_89,2024-01-03 07:50:29.117373141,2024-01-03 13:48:32.835229455,5.9675
User_89,2024-01-04 09:56:05.446798211,2024-01-04 11:17:09.865626274,1.3511111111111112
User_89,2024-01-05 06:23:12.401660940,2024-01-05 12:25:47.911545801,6.043055555555555
User_89,2024-01-06 07:07:38.280047454,2024-01-06 09:25:02.675250596,2.29
User_89,2024-01-07 06:09:26.811069404,2024-01-07 07:18:37.348211456,1.1527777777777777
User_89,2024-01-08 09:05:52.592684924,2024-01-08 11:02:20.315054636,1.9408333333333334
User_89,2024-01-09 07:52:15.176869984,2024-01-09 13:06:43.776612506,5.2411111111111115
User_89,2024-01-10 07:42:48.265928191,2024-01-10 08:54:11.353567064,1.1897222222222221
User_89,2024-01-11 09:08:02.421637265,2024-01-11 10:12:27.354895714,1.0733333333333333
User_89,2024-01-12 09:02:51.214479035,2024-01-12 16:18:02.487722495,7.253055555555555
User_89,2024-01-13 07:43:52.894863223,2024-01-13 12:28:48.565185287,4.748611111111111
User_89,2024-01-14 07:54:28.560853694,2024-01-14 11:37:56.618043004,3.7244444444444444
User_89,2024-01-15 09:32:58.913309333,2024-01-15 16:48:26.037778216,7.2575
User_89,2024-01-16 07:20:35.755650838,2024-01-16 12:38:55.513452008,5.3052777777777775
User_89,2024-01-17 09:42:27.468894900,2024-01-17 17:26:31.343068222,7.734166666666667
User_89,2024-01-18 08:02:09.010182077,2024-01-18 12:12:20.195275242,4.169722222222222
User_89,2024-01-19 07:06:53.198149370,2024-01-19 14:49:36.769353768,7.711944444444445
User_89,2024-01-20 06:34:16.525984409,2024-01-20 11:37:48.231300811,5.058611111111111
User_89,2024-01-21 07:07:48.723852268,2024-01-21 10:04:59.732769032,2.9530555555555558
User_89,2024-01-22 07:37:11.547658217,2024-01-22 15:36:41.129640771,7.991388888888889
User_89,2024-01-23 06:13:11.514818493,2024-01-23 11:16:10.768637221,5.049722222222222
User_89,2024-01-24 06:19:49.039075707,2024-01-24 08:24:42.963991468,2.0813888888888887
User_89,2024-01-25 07:45:29.706361529,2024-01-25 12:19:53.301671459,4.573055555555555
User_89,2024-01-26 07:02:06.610680449,2024-01-26 10:15:01.330378484,3.215
User_89,2024-01-27 06:20:52.325091685,2024-01-27 09:28:13.463644560,3.1225
User_89,2024-01-28 09:51:58.441527079,2024-01-28 17:28:45.067545225,7.612777777777778
User_89,2024-01-29 07:20:22.247377972,2024-01-29 12:20:07.766572196,4.995833333333334
User_89,2024-01-30 09:38:18.173631997,2024-01-30 10:40:54.005962547,1.0430555555555556
User_90,2024-01-01 09:14:33.843412861,2024-01-01 16:52:52.756143141,7.638333333333334
User_90,2024-01-02 06:21:55.090574403,2024-01-02 08:29:43.572262432,2.13
User_90,2024-01-03 09:50:34.746759907,2024-01-03 14:36:20.758379643,4.762777777777778
User_90,2024-01-04 06:03:24.431536392,2024-01-04 08:51:36.757905232,2.8033333333333332
User_90,2024-01-05 07:47:59.188909471,2024-01-05 13:39:00.493467295,5.8502777777777775
User_90,2024-01-06 08:55:57.509445169,2024-01-06 16:54:02.131570890,7.967777777777778
User_90,2024-01-07 07:09:00.161271126,2024-01-07 11:55:03.307838211,4.7675
User_90,2024-01-08 08:07:59.859089178,2024-01-08 11:58:22.119627248,3.8394444444444447
User_90,2024-01-09 06:40:35.931271330,2024-01-09 14:31:07.836663562,7.841944444444445
User_90,2024-01-10 09:24:47.767487998,2024-01-10 13:54:05.759801012,4.4880555555555555
User_90,2024-01-11 08:24:46.734086650,2024-01-11 11:00:13.712636353,2.5905555555555555
User_90,2024-01-12 08:10:30.533813641,2024-01-12 14:02:23.781168302,5.864722222222222
User_90,2024-01-13 08:03:38.405208766,2024-01-13 15:59:33.591507506,7.9319444444444445
User_90,2024-01-14 08:26:43.319849967,2024-01-14 12:02:31.857407289,3.5966666666666667
User_90,2024-01-15 09:05:18.989197668,2024-01-15 11:16:54.644489525,2.1930555555555555
User_90,2024-01-16 07:32:17.027717370,2024-01-16 10:58:00.393266885,3.428611111111111
User_90,2024-01-17 07:43:38.022169551,2024-01-17 14:11:58.873782954,6.472222222222222
User_90,2024-01-18 07:56:12.091663153,2024-01-18 14:29:41.255809855,6.558055555555556
User_90,2024-01-19 08:18:21.440205214,2024-01-19 11:42:01.589958584,3.3944444444444444
User_90,2024-01-20 09:14:23.693909042,2024-01-20 11:54:28.593606979,2.667777777777778
User_90,2024-01-21 06:53:51.114909117,2024-01-21 11:25:44.588595298,4.5313888888888885
User_90,2024-01-22 07:02:36.229141854,2024-01-22 08:06:25.222422624,1.0633333333333332
User_90,2024-01-23 08:35:35.484393102,2024-01-23 13:10:15.048694206,4.5775
User_90,2024-01-24 07:46:55.456528701,2024-01-24 15:33:03.063097082,7.768611111111111
User_90,2024-01-25 08:17:05.268249065,2024-01-25 15:19:43.744009357,7.043888888888889
User_90,2024-01-26 06:33:28.083401354,2024-01-26 11:32:32.086272215,4.984444444444445
User_90,2024-01-27 09:28:18.906624925,2024-01-27 14:33:13.171708378,5.081666666666667
User_90,2024-01-28 08:52:19.404165028,2024-01-28 12:28:34.902073895,3.6041666666666665
User_90,2024-01-29 06:22:11.273045333,2024-01-29 10:34:30.360482535,4.205277777777778
User_90,2024-01-30 07:34:40.503228079,2024-01-30 14:38:50.419824028,7.069166666666667
User_91,2024-01-01 06:58:33.532353875,2024-01-01 14:44:35.234887759,7.766944444444444
User_91,2024-01-02 09:49:57.188925184,2024-01-02 12:33:57.506330584,2.7333333333333334
User_91,2024-01-03 07:23:31.948158873,2024-01-03 14:39:39.952828894,7.268888888888889
User_91,2024-01-04 09:51:59.359980903,2024-01-04 13:58:14.025372371,4.103888888888889
User_91,2024-01-05 07:17:02.357457228,2024-01-05 11:57:59.926591166,4.6825
User_91,2024-01-06 08:45:03.876571666,2024-01-06 11:39:55.434359115,2.9141666666666666
User_91,2024-01-07 08:56:45.213714514,2024-01-07 10:18:26.979113802,1.361388888888889
User_91,2024-01-08 06:11:49.840695807,2024-01-08 09:54:04.290865474,3.703888888888889
User_91,2024-01-09 07:24:50.013965674,2024-01-09 10:37:23.970992926,3.2091666666666665
User_91,2024-01-10 07:57:50.684582432,2024-01-10 11:12:33.170856683,3.245
User_91,2024-01-11 06:46:08.514025940,2024-01-11 09:56:07.146662972,3.1661111111111113
User_91,2024-01-12 09:53:58.621528467,2024-01-12 13:46:38.679636737,3.8777777777777778
User_91,2024-01-13 07:46:43.863986760,2024-01-13 12:48:52.797733528,5.035555555555556
User_91,2024-01-14 09:56:00.107065164,2024-01-14 12:37:28.459231345,2.6911111111111112
User_91,2024-01-15 08:43:30.462391667,2024-01-15 14:44:13.276668918,6.011666666666667
User_91,2024-01-16 08:25:45.471601820,2024-01-16 10:02:57.645760663,1.62
User_91,2024-01-17 08:42:26.960771917,2024-01-17 10:09:22.147490028,1.448611111111111
User_91,2024-01-18 08:23:04.454153518,2024-01-18 14:33:41.899819505,6.176944444444445
User_91,2024-01-19 06:50:37.966424927,2024-01-19 13:44:06.841015004,6.891111111111111
User_91,2024-01-20 06:07:17.094799675,2024-01-20 13:01:41.178963864,6.906666666666666
User_91,2024-01-21 07:50:28.738329255,2024-01-21 10:21:51.954415532,2.5230555555555556
User_91,2024-01-22 06:32:06.405287913,2024-01-22 14:12:29.745910988,7.673055555555556
User_91,2024-01-23 06:17:26.384461168,2024-01-23 08:41:03.538643553,2.393611111111111
User_91,2024-01-24 07:23:28.641803035,2024-01-24 12:43:58.559996855,5.341388888888889
User_91,2024-01-25 08:10:45.135627975,2024-01-25 10:03:31.351636765,1.8794444444444445
User_91,2024-01-26 07:09:32.082965830,2024-01-26 09:49:48.627597197,2.671111111111111
User_91,2024-01-27 06:51:15.017104660,2024-01-27 10:43:55.854383955,3.8777777777777778
User_91,2024-01-28 08:48:58.052917319,2024-01-28 11:20:17.866809193,2.5219444444444443
User_91,2024-01-29 07:28:00.175867722,2024-01-29 11:12:11.295024119,3.736388888888889
User_91,2024-01-30 09:54:20.974023869,2024-01-30 17:35:18.566217221,7.6825
User_92,2024-01-01 09:12:01.981191629,2024-01-01 11:53:31.785996272,2.691388888888889
User_92,2024-01-02 06:16:19.737322920,2024-01-02 09:29:25.721593479,3.2180555555555554
User_92,2024-01-03 07:04:01.841511847,2024-01-03 11:36:31.171675536,4.541388888888889
User_92,2024-01-04 09:06:39.281904976,2024-01-04 16:07:09.019964723,7.008055555555556
User_92,2024-01-05 09:22:46.042829911,2024-01-05 12:53:49.866972732,3.5175
User_92,2024-01-06 08:44:56.174545833,2024-01-06 11:56:19.596323443,3.189722222222222
User_92,2024-01-07 06:14:37.039822586,2024-01-07 12:09:16.484515780,5.910833333333334
User_92,2024-01-08 06:02:21.516757004,2024-01-08 09:54:12.917960957,3.8641666666666667
User_92,2024-01-09 07:19:03.061477949,2024-01-09 13:10:16.175448624,5.853611111111111
User_92,2024-01-10 09:03:53.934807749,2024-01-10 12:11:37.119634225,3.1286111111111112
User_92,2024-01-11 09:14:47.429008005,2024-01-11 12:18:14.131372729,3.0572222222222223
User_92,2024-01-12 07:47:07.099583806,2024-01-12 13:52:27.966464562,6.088888888888889
User_92,2024-01-13 08:46:18.051300836,2024-01-13 16:40:59.736803103,7.911388888888889
User_92,2024-01-14 06:54:02.318748709,2024-01-14 12:32:12.730169906,5.636111111111111
User_92,2024-01-15 08:26:19.419479171,2024-01-15 15:50:39.900532319,7.405555555555556
User_92,2024-01-16 06:37:31.614839686,2024-01-16 12:53:16.928562076,6.2625
User_92,2024-01-17 08:16:23.068074270,2024-01-17 11:11:44.647992925,2.9225
User_92,2024-01-18 07:53:51.862763719,2024-01-18 11:14:03.033009877,3.336388888888889
User_92,2024-01-19 08:19:02.113000153,2024-01-19 15:32:24.928392682,7.222777777777778
User_92,2024-01-20 08:16:37.991775535,2024-01-20 13:41:57.396717364,5.421944444444445
User_92,2024-01-21 08:04:29.968998451,2024-01-21 09:25:59.339760876,1.3580555555555556
User_92,2024-01-22 06:55:53.163219015,2024-01-22 11:22:31.606800703,4.443888888888889
User_92,2024-01-23 07:14:27.388085923,2024-01-23 09:30:47.830749505,2.272222222222222
User_92,2024-01-24 08:00:59.512923625,2024-01-24 11:16:34.319718510,3.2594444444444446
User_92,2024-01-25 07:01:56.750061697,2024-01-25 11:16:49.182581194,4.247777777777777
User_92,2024-01-26 06:31:59.293316383,2024-01-26 14:01:38.485789883,7.494166666666667
User_92,2024-01-27 09:28:14.910210037,2024-01-27 15:25:26.948970698,5.953333333333333
User_92,2024-01-28 06:25:29.479117273,2024-01-28 12:51:21.585929909,6.431111111111111
User_92,2024-01-29 09:13:54.585524769,2024-01-29 15:36:22.253891170,6.3741666666666665
User_92,2024-01-30 06:27:21.108774517,2024-01-30 11:57:47.589292624,5.5072222222222225
User_93,2024-01-01 09:20:14.277058791,2024-01-01 14:22:43.582769526,5.041388888888889
User_93,2024-01-02 08:35:08.266203284,2024-01-02 12:47:39.025884826,4.208333333333333
User_93,2024-01-03 08:06:53.385406330,2024-01-03 09:21:19.682236793,1.2405555555555556
User_93,2024-01-04 08:33:21.067516415,2024-01-04 10:07:33.537281272,1.57
User_93,2024-01-05 07:44:24.210158499,2024-01-05 10:47:19.118619717,3.0483333333333333
User_93,2024-01-06 08:10:54.162483048,2024-01-06 10:06:56.254138232,1.933888888888889
User_93,2024-01-07 08:45:59.664988415,2024-01-07 15:19:53.955719012,6.565
User_93,2024-01-08 06:39:12.304076301,2024-01-08 08:23:00.993877568,1.73
User_93,2024-01-09 06:34:55.422952137,2024-01-09 13:43:19.037511979,7.139722222222222
User_93,2024-01-10 08:06:45.925369291,2024-01-10 12:23:00.902468680,4.270555555555555
User_93,2024-01-11 06:25:36.650195073,2024-01-11 11:58:25.461565348,5.546666666666667
User_93,2024-01-12 09:28:19.194123289,2024-01-12 16:16:09.478030240,6.7972222222222225
User_93,2024-01-13 08:30:15.187809323,2024-01-13 10:01:52.211468945,1.5269444444444444
User_93,2024-01-14 06:26:58.517191334,2024-01-14 07:47:41.103666501,1.345
User_93,2024-01-15 07:01:47.700717491,2024-01-15 08:58:46.369689932,1.9494444444444445
User_93,2024-01-16 07:02:24.691779635,2024-01-16 10:44:08.154783752,3.6952777777777777
User_93,2024-01-17 09:46:18.952090624,2024-01-17 15:02:40.428797122,5.2725
User_93,2024-01-18 09:20:23.622513834,2024-01-18 15:18:44.480331784,5.972222222222222
User_93,2024-01-19 06:27:00.045079583,2024-01-19 12:36:05.239320206,6.151388888888889
User_93,2024-01-20 07:06:01.423894451,2024-01-20 12:34:26.941638717,5.473611111111111
User_93,2024-01-21 07:21:49.852420459,2024-01-21 15:20:51.193454728,7.983611111111111
User_93,2024-01-22 07:03:15.141304753,2024-01-22 10:00:29.229168264,2.953888888888889
User_93,2024-01-23 09:43:21.680480098,2024-01-23 10:53:42.719476933,1.1725
User_93,2024-01-24 08:47:12.321425374,2024-01-24 14:51:50.546471918,6.077222222222222
User_93,2024-01-25 09:20:43.851514709,2024-01-25 17:09:59.722142798,7.820833333333334
User_93,2024-01-26 09:54:08.667635855,2024-01-26 11:21:33.641926529,1.4566666666666668
User_93,2024-01-27 09:17:14.486247641,2024-01-27 14:48:41.496575807,5.524166666666667
User_93,2024-01-28 08:35:21.726734972,2024-01-28 10:29:16.144885662,1.8983333333333334
User_93,2024-01-29 08:36:02.695196817,2024-01-29 16:28:41.256227968,7.877222222222223
User_93,2024-01-30 09:38:50.187401368,2024-01-30 13:43:16.280053650,4.073888888888889
User_94,2024-01-01 06:09:35.250815319,2024-01-01 09:41:45.046763324,3.535833333333333
User_94,2024-01-02 09:18:20.020487047,2024-01-02 15:12:57.797843969,5.910277777777778
User_94,2024-01-03 07:50:14.548640552,2024-01-03 09:13:23.107326554,1.3855555555555557
User_94,2024-01-04 07:42:27.284080655,2024-01-04 11:59:26.712561545,4.283055555555555
User_94,2024-01-05 09:42:51.199673675,2024-01-05 15:12:06.569483945,5.4875
User_94,2024-01-06 07:14:47.801999826,2024-01-06 11:55:25.822263984,4.677222222222222
User_94,2024-01-07 06:15:51.196432639,2024-01-07 14:04:19.915971012,7.807777777777778
User_94,2024-01-08 07:26:24.862587802,2024-01-08 11:47:07.119931613,4.345
User_94,2024-01-09 07:25:16.089229011,2024-01-09 13:11:55.384827939,5.7775
User_94,2024-01-10 08:38:56.143079946,2024-01-10 14:39:22.265305280,6.0072222222222225
User_94,2024-01-11 07:04:21.262506411,2024-01-11 10:16:56.108231745,3.2094444444444443
User_94,2024-01-12 06:30:03.617727785,2024-01-12 12:05:22.469018307,5.588333333333333
User_94,2024-01-13 06:09:33.078633633,2024-01-13 11:20:34.673488824,5.183611111111111
User_94,2024-01-14 09:28:43.620741863,2024-01-14 16:42:52.590878761,7.235555555555556
User_94,2024-01-15 07:47:46.143749327,2024-01-15 12:00:40.596692296,4.215
User_94,2024-01-16 06:18:28.356235315,2024-01-16 12:00:11.634876479,5.695277777777778
User_94,2024-01-17 09:17:06.135653368,2024-01-17 11:59:51.443029406,2.7125
User_94,2024-01-18 07:41:06.732695520,2024-01-18 14:33:25.483982004,6.871666666666667
User_94,2024-01-19 09:30:30.534734336,2024-01-19 12:12:38.670236994,2.7022222222222223
User_94,2024-01-20 08:12:08.217137395,2024-01-20 10:32:59.044533417,2.3472222222222223
User_94,2024-01-21 06:24:27.054203609,2024-01-21 13:47:07.290838686,7.377777777777778
User_94,2024-01-22 09:16:55.308060942,2024-01-22 15:36:08.187586381,6.32
User_94,2024-01-23 06:11:42.234990909,2024-01-23 13:06:04.200567207,6.905833333333334
User_94,2024-01-24 07:45:07.834693037,2024-01-24 11:08:56.191800092,3.3966666666666665
User_94,2024-01-25 08:11:09.259598765,2024-01-25 09:49:31.361315398,1.6394444444444445
User_94,2024-01-26 09:01:35.710310674,2024-01-26 14:06:13.074248259,5.076944444444444
User_94,2024-01-27 06:44:46.897394973,2024-01-27 09:03:50.348829152,2.3175
User_94,2024-01-28 06:44:13.180582646,2024-01-28 08:08:09.640748954,1.3988888888888888
User_94,2024-01-29 08:21:04.297670952,2024-01-29 15:14:01.071746182,6.8822222222222225
User_94,2024-01-30 06:04:11.974281418,2024-01-30 07:24:46.891334694,1.3427777777777778
User_95,2024-01-01 08:17:27.891984292,2024-01-01 15:01:39.183256020,6.7363888888888885
User_95,2024-01-02 07:18:25.040024188,2024-01-02 10:45:15.322874142,3.4472222222222224
User_95,2024-01-03 08:23:07.389563953,2024-01-03 11:18:17.554369881,2.9194444444444443
User_95,2024-01-04 06:06:23.160471518,2024-01-04 12:15:10.919127678,6.146388888888889
User_95,2024-01-05 08:30:09.358746356,2024-01-05 13:34:04.409922558,5.065277777777778
User_95,2024-01-06 08:58:00.251457482,2024-01-06 14:41:36.068564045,5.726388888888889
User_95,2024-01-07 06:49:24.700629767,2024-01-07 10:17:27.223012739,3.4672222222222224
User_95,2024-01-08 06:30:15.986040172,2024-01-08 08:24:48.382778302,1.9088888888888889
User_95,2024-01-09 08:42:17.218747534,2024-01-09 15:42:53.941443492,7.01
User_95,2024-01-10 09:51:03.349207600,2024-01-10 15:14:57.696569845,5.398333333333333
User_95,2024-01-11 06:44:11.059056397,2024-01-11 08:28:33.447761710,1.7394444444444443
User_95,2024-01-12 09:15:05.053990129,2024-01-12 14:18:09.717194400,5.051111111111111
User_95,2024-01-13 08:28:23.304302597,2024-01-13 14:56:36.148939215,6.47
User_95,2024-01-14 08:48:47.192079347,2024-01-14 15:39:15.540051320,6.841111111111111
User_95,2024-01-15 06:13:29.480238622,2024-01-15 12:27:27.000284633,6.2325
User_95,2024-01-16 09:24:12.279705438,2024-01-16 12:24:22.882775387,3.0027777777777778
User_95,2024-01-17 08:33:42.440745502,2024-01-17 11:45:39.324754193,3.198888888888889
User_95,2024-01-18 09:49:54.783357347,2024-01-18 11:03:57.057382721,1.2338888888888888
User_95,2024-01-19 08:19:09.016951194,2024-01-19 10:29:04.906336841,2.165277777777778
User_95,2024-01-20 08:50:55.970954551,2024-01-20 11:04:48.406096701,2.2311111111111113
User_95,2024-01-21 06:56:29.518971336,2024-01-21 11:24:07.663409689,4.460555555555556
User_95,2024-01-22 09:39:33.623279955,2024-01-22 12:08:28.825458083,2.4819444444444443
User_95,2024-01-23 06:34:37.056304100,2024-01-23 12:53:23.272466821,6.312777777777778
User_95,2024-01-24 08:00:08.921265608,2024-01-24 15:23:05.906097628,7.3822222222222225
User_95,2024-01-25 06:35:11.249623101,2024-01-25 12:06:28.632527281,5.521388888888889
User_95,2024-01-26 06:55:53.459704586,2024-01-26 09:01:43.822506607,2.0972222222222223
User_95,2024-01-27 08:44:01.383578264,2024-01-27 13:53:22.235999964,5.155555555555556
User_95,2024-01-28 09:01:09.515400417,2024-01-28 12:11:07.972326860,3.1661111111111113
User_95,2024-01-29 07:47:30.791851903,2024-01-29 11:37:48.678095429,3.8380555555555556
User_95,2024-01-30 09:56:10.888281117,2024-01-30 12:58:55.561990949,3.0455555555555556
User_96,2024-01-01 07:10:45.368232193,2024-01-01 10:39:39.983094673,3.4816666666666665
User_96,2024-01-02 08:15:30.154770580,2024-01-02 11:01:28.687926026,2.766111111111111
User_96,2024-01-03 09:39:40.175141461,2024-01-03 12:31:15.451376090,2.859722222222222
User_96,2024-01-04 09:34:59.746534466,2024-01-04 11:18:27.318138359,1.7241666666666666
User_96,2024-01-05 08:37:34.502914554,2024-01-05 15:58:30.537979197,7.348888888888889
User_96,2024-01-06 06:40:29.991912934,2024-01-06 14:27:11.831307435,7.7780555555555555
User_96,2024-01-07 07:48:41.520389983,2024-01-07 15:25:53.541122696,7.62
User_96,2024-01-08 08:42:26.208628272,2024-01-08 11:49:06.197749085,3.1108333333333333
User_96,2024-01-09 06:45:11.556358806,2024-01-09 09:52:45.679523678,3.1261111111111113
User_96,2024-01-10 06:22:19.450693382,2024-01-10 08:22:44.923445233,2.0069444444444446
User_96,2024-01-11 06:25:07.110340989,2024-01-11 10:22:45.287643276,3.9605555555555556
User_96,2024-01-12 09:10:56.328618109,2024-01-12 11:10:19.194184360,1.9894444444444443
User_96,2024-01-13 06:31:16.614237681,2024-01-13 12:01:31.023765517,5.503888888888889
User_96,2024-01-14 06:47:19.434940340,2024-01-14 08:28:19.207900686,1.6830555555555555
User_96,2024-01-15 06:40:02.619526160,2024-01-15 14:08:00.650702254,7.466111111111111
User_96,2024-01-16 09:17:09.186039977,2024-01-16 12:45:51.613011325,3.4783333333333335
User_96,2024-01-17 08:37:23.819049514,2024-01-17 13:23:03.166025948,4.760833333333333
User_96,2024-01-18 08:42:30.589394148,2024-01-18 14:29:13.902436209,5.778611111111111
User_96,2024-01-19 08:30:53.769816863,2024-01-19 11:22:39.524304003,2.8625
User_96,2024-01-20 06:09:21.692458984,2024-01-20 10:20:41.975365134,4.188888888888889
User_96,2024-01-21 09:33:50.023939546,2024-01-21 14:33:01.354854214,4.9863888888888885
User_96,2024-01-22 09:19:46.431000507,2024-01-22 17:16:15.364443129,7.941111111111111
User_96,2024-01-23 06:39:16.073339591,2024-01-23 12:29:48.869845968,5.842222222222222
User_96,2024-01-24 08:41:49.827461280,2024-01-24 16:33:24.704734708,7.859444444444445
User_96,2024-01-25 09:56:32.650568920,2024-01-25 15:44:56.951584368,5.806666666666667
User_96,2024-01-26 06:58:28.053004543,2024-01-26 13:33:51.660125434,6.589722222222222
User_96,2024-01-27 06:25:41.219532638,2024-01-27 12:53:34.841997763,6.464722222222222
User_96,2024-01-28 09:38:26.824187683,2024-01-28 13:19:14.225735847,3.6797222222222223
User_96,2024-01-29 08:31:21.148247756,2024-01-29 12:32:00.745096596,4.010833333333333
User_96,2024-01-30 07:45:03.816791829,2024-01-30 10:55:25.163197353,3.1725
User_97,2024-01-01 09:02:54.666534484,2024-01-01 16:36:06.315951479,7.553055555555556
User_97,2024-01-02 09:45:46.812372976,2024-01-02 11:59:11.300751824,2.223333333333333
User_97,2024-01-03 09:29:56.308555054,2024-01-03 15:39:39.580879017,6.161944444444444
User_97,2024-01-04 07:00:40.858569940,2024-01-04 08:28:56.430815562,1.4708333333333334
User_97,2024-01-05 07:04:19.160643135,2024-01-05 14:27:26.808210029,7.385277777777778
User_97,2024-01-06 08:31:57.772918499,2024-01-06 14:34:48.350373125,6.0472222222222225
User_97,2024-01-07 07:01:42.993855970,2024-01-07 13:03:51.575376455,6.035555555555556
User_97,2024-01-08 06:06:44.949690402,2024-01-08 09:44:23.047603881,3.627222222222222
User_97,2024-01-09 08:30:25.248219009,2024-01-09 10:31:46.881670650,2.0225
User_97,2024-01-10 09:17:31.251472035,2024-01-10 11:56:14.040202095,2.645
User_97,2024-01-11 08:36:32.848024585,2024-01-11 12:26:43.816017483,3.8361111111111112
User_97,2024-01-12 08:23:03.027774878,2024-01-12 10:08:10.781701126,1.7519444444444445
User_97,2024-01-13 06:04:03.544318871,2024-01-13 13:26:04.567888854,7.366944444444444
User_97,2024-01-14 07:04:42.672126247,2024-01-14 13:48:58.532596314,6.7375
User_97,2024-01-15 09:59:50.644326799,2024-01-15 12:28:38.712028371,2.48
User_97,2024-01-16 07:03:38.458673040,2024-01-16 12:42:02.525321433,5.64
User_97,2024-01-17 09:51:42.460338248,2024-01-17 17:16:20.981912654,7.410555555555556
User_97,2024-01-18 08:00:41.407488944,2024-01-18 14:34:38.186608617,6.565555555555555
User_97,2024-01-19 06:32:34.740284638,2024-01-19 14:23:06.182526579,7.841944444444445
User_97,2024-01-20 09:51:26.686570118,2024-01-20 12:00:12.656308673,2.1458333333333335
User_97,2024-01-21 07:11:51.692997164,2024-01-21 08:53:55.598934334,1.7008333333333334
User_97,2024-01-22 07:05:12.733424133,2024-01-22 13:47:54.819317396,6.711666666666667
User_97,2024-01-23 07:30:47.744743179,2024-01-23 09:07:55.348315277,1.618611111111111
User_97,2024-01-24 07:22:08.047556816,2024-01-24 15:14:18.907579696,7.8694444444444445
User_97,2024-01-25 08:31:07.443771732,2024-01-25 12:25:54.699621167,3.9130555555555557
User_97,2024-01-26 06:39:58.154594360,2024-01-26 14:34:09.809885909,7.9030555555555555
User_97,2024-01-27 09:17:00.225733389,2024-01-27 12:15:13.453755152,2.9702777777777776
User_97,2024-01-28 06:16:48.989218385,2024-01-28 07:40:35.953264299,1.396111111111111
User_97,2024-01-29 06:28:53.445352879,2024-01-29 11:32:48.813659962,5.065277777777778
User_97,2024-01-30 09:42:54.193265359,2024-01-30 14:11:32.127651109,4.476944444444444
User_98,2024-01-01 09:22:18.414947369,2024-01-01 13:29:34.757767836,4.121111111111111
User_98,2024-01-02 08:50:03.603059056,2024-01-02 14:57:26.796038675,6.123055555555555
User_98,2024-01-03 06:41:45.077365008,2024-01-03 10:13:27.722051198,3.5283333333333333
User_98,2024-01-04 08:32:57.151054147,2024-01-04 10:02:38.705580393,1.4947222222222223
User_98,2024-01-05 07:26:46.178703786,2024-01-05 12:11:23.125254072,4.743333333333333
User_98,2024-01-06 09:59:05.632699842,2024-01-06 14:18:23.878477927,4.321666666666666
User_98,2024-01-07 09:15:51.217302446,2024-01-07 13:17:19.312886124,4.024444444444445
User_98,2024-01-08 09:11:08.026405723,2024-01-08 14:21:12.479406549,5.167777777777777
User_98,2024-01-09 09:32:46.974357634,2024-01-09 13:25:22.726676856,3.876388888888889
User_98,2024-01-10 08:25:01.983645429,2024-01-10 13:49:38.454397023,5.41
User_98,2024-01-11 07:40:10.314361926,2024-01-11 09:40:46.977862850,2.01
User_98,2024-01-12 06:22:27.255459537,2024-01-12 07:29:27.378534647,1.1166666666666667
User_98,2024-01-13 09:29:38.893405131,2024-01-13 12:08:58.061193546,2.6552777777777776
User_98,2024-01-14 06:50:45.697189657,2024-01-14 12:59:53.789280393,6.152222222222222
User_98,2024-01-15 07:16:48.232028458,2024-01-15 11:49:20.558277236,4.542222222222223
User_98,2024-01-16 06:39:00.159340283,2024-01-16 14:22:05.751521124,7.718055555555556
User_98,2024-01-17 09:24:22.772160248,2024-01-17 16:27:10.270658966,7.046388888888889
User_98,2024-01-18 07:37:37.541979436,2024-01-18 13:57:49.044564856,6.336388888888889
User_98,2024-01-19 06:34:31.816637612,2024-01-19 07:38:09.015502924,1.0602777777777779
User_98,2024-01-20 06:04:47.610229123,2024-01-20 11:11:09.974011717,5.106111111111111
User_98,2024-01-21 07:49:17.686635570,2024-01-21 12:26:51.673428064,4.6258333333333335
User_98,2024-01-22 06:01:47.469222007,2024-01-22 09:59:19.172037374,3.9586111111111113
User_98,2024-01-23 08:52:20.181521292,2024-01-23 12:58:16.062810871,4.098611111111111
User_98,2024-01-24 08:55:43.956570896,2024-01-24 11:33:36.034473696,2.631111111111111
User_98,2024-01-25 09:15:09.244864536,2024-01-25 14:22:17.712123962,5.118888888888889
User_98,2024-01-26 06:50:34.988631790,2024-01-26 09:30:00.344623306,2.6569444444444446
User_98,2024-01-27 08:30:43.638689801,2024-01-27 15:19:18.116438754,6.809444444444445
User_98,2024-01-28 07:39:45.040061219,2024-01-28 10:28:14.210875234,2.8080555555555557
User_98,2024-01-29 09:28:04.967139512,2024-01-29 15:09:10.528091633,5.684722222222222
User_98,2024-01-30 07:47:32.431016876,2024-01-30 12:12:27.515937914,4.415277777777778
User_99,2024-01-01 06:49:01.293138284,2024-01-01 12:12:16.719415918,5.3875
User_99,2024-01-02 07:26:05.892151817,2024-01-02 15:24:16.150604010,7.969444444444444
User_99,2024-01-03 07:55:14.642619771,2024-01-03 12:19:18.959895749,4.401111111111111
User_99,2024-01-04 08:15:48.265738713,2024-01-04 15:40:50.517017305,7.417222222222223
User_99,2024-01-05 09:12:11.780637980,2024-01-05 13:21:40.258396885,4.157777777777778
User_99,2024-01-06 08:52:29.269430008,2024-01-06 13:58:42.403999283,5.103611111111111
User_99,2024-01-07 07:58:10.085501297,2024-01-07 10:18:56.442975462,2.346111111111111
User_99,2024-01-08 07:51:20.682193750,2024-01-08 10:34:35.310586718,2.7205555555555554
User_99,2024-01-09 09:39:33.726957863,2024-01-09 13:00:25.978657970,3.347777777777778
User_99,2024-01-10 09:48:32.601809280,2024-01-10 14:32:25.595119666,4.731111111111111
User_99,2024-01-11 08:31:34.239052936,2024-01-11 13:19:36.338254067,4.8005555555555555
User_99,2024-01-12 06:31:03.080884320,2024-01-12 10:08:53.775603320,3.6305555555555555
User_99,2024-01-13 06:23:47.704016797,2024-01-13 11:45:26.145930218,5.360555555555556
User_99,2024-01-14 07:47:14.988410886,2024-01-14 14:14:00.209694473,6.445833333333334
User_99,2024-01-15 06:52:54.774926390,2024-01-15 09:02:01.839598809,2.1519444444444447
User_99,2024-01-16 07:37:31.184125878,2024-01-16 15:06:41.135782981,7.485833333333333
User_99,2024-01-17 08:50:30.074136178,2024-01-17 12:46:26.949480959,3.9322222222222223
User_99,2024-01-18 08:04:08.719244462,2024-01-18 09:39:30.887126124,1.5894444444444444
User_99,2024-01-19 09:56:17.892907816,2024-01-19 15:36:11.356986127,5.664722222222222
User_99,2024-01-20 07:08:29.818585873,2024-01-20 12:14:32.190120097,5.100555555555555
User_99,2024-01-21 06:26:16.546071393,2024-01-21 14:11:55.630125344,7.760833333333333
User_99,2024-01-22 06:41:56.903825520,2024-01-22 12:14:07.267840511,5.536111111111111
User_99,2024-01-23 06:58:54.544260560,2024-01-23 13:00:17.091103303,6.022777777777778
User_99,2024-01-24 09:06:26.227688260,2024-01-24 14:49:16.404856828,5.713888888888889
User_99,2024-01-25 08:27:28.792227674,2024-01-25 15:42:19.013395264,7.247222222222222
User_99,2024-01-26 06:18:52.224638252,2024-01-26 09:37:51.276735912,3.316388888888889
User_99,2024-01-27 06:59:35.339706684,2024-01-27 14:54:33.291550732,7.9158333333333335
User_99,2024-01-28 07:33:27.212827202,2024-01-28 13:41:09.052848060,6.128055555555555
User_99,2024-01-29 08:44:20.042359886,2024-01-29 11:13:24.489544315,2.4844444444444442
User_99,2024-01-30 06:57:21.566595046,2024-01-30 09:55:29.937596582,2.968888888888889
User_100,2024-01-01 07:38:40.232806935,2024-01-01 10:17:05.224461328,2.64
User_100,2024-01-02 06:04:42.981351554,2024-01-02 13:14:03.686383095,7.155555555555556
User_100,2024-01-03 09:51:44.781571884,2024-01-03 13:15:12.355325079,3.390833333333333
User_100,2024-01-04 07:21:14.499063726,2024-01-04 08:24:13.212745640,1.0494444444444444
User_100,2024-01-05 08:43:15.609911957,2024-01-05 15:29:56.695284822,6.7780555555555555
User_100,2024-01-06 06:35:11.159525184,2024-01-06 08:42:14.751529236,2.1175
User_100,2024-01-07 09:09:37.198799588,2024-01-07 14:28:27.725658112,5.313888888888889
User_100,2024-01-08 06:10:45.992029839,2024-01-08 11:32:14.176189488,5.357777777777778
User_100,2024-01-09 07:14:08.415208950,2024-01-09 10:49:00.289126815,3.5808333333333335
User_100,2024-01-10 09:04:44.132423475,2024-01-10 15:45:19.699278824,6.676388888888889
User_100,2024-01-11 07:36:05.135426493,2024-01-11 15:13:53.389413853,7.63
User_100,2024-01-12 07:37:33.063138509,2024-01-12 14:01:43.331226307,6.402777777777778
User_100,2024-01-13 07:56:07.832609725,2024-01-13 15:13:05.647238081,7.2825
User_100,2024-01-14 09:37:51.761908562,2024-01-14 11:14:34.665466913,1.6116666666666666
User_100,2024-01-15 09:44:45.503970867,2024-01-15 16:31:28.981977181,6.778611111111111
User_100,2024-01-16 09:09:54.874286102,2024-01-16 11:34:17.840046177,2.406111111111111
User_100,2024-01-17 09:13:13.716606067,2024-01-17 16:10:17.061520129,6.950833333333334
User_100,2024-01-18 07:09:23.764816139,2024-01-18 14:49:20.718790869,7.665555555555556
User_100,2024-01-19 06:11:57.986108147,2024-01-19 08:14:55.699289974,2.049166666666667
User_100,2024-01-20 08:09:01.168387941,2024-01-20 13:10:51.138660223,5.030277777777778
User_100,2024-01-21 08:34:50.161199533,2024-01-21 09:41:57.783258282,1.118611111111111
User_100,2024-01-22 09:50:29.281554558,2024-01-22 11:09:12.901491458,1.3119444444444444
User_100,2024-01-23 06:34:20.092119216,2024-01-23 07:40:13.257960872,1.0980555555555556
User_100,2024-01-24 08:16:02.761439434,2024-01-24 15:47:35.886914242,7.525833333333333
User_100,2024-01-25 08:39:49.639191558,2024-01-25 15:25:20.607397264,6.758333333333334
User_100,2024-01-26 06:03:11.249329803,2024-01-26 10:50:50.034851492,4.793888888888889
User_100,2024-01-27 07:50:17.706876079,2024-01-27 12:19:51.699070442,4.4925
User_100,2024-01-28 06:17:19.869868826,2024-01-28 12:04:47.640967772,5.7908333333333335
User_100,2024-01-29 08:00:46.373973964,2024-01-29 14:22:08.124990467,6.355833333333333
User_100,2024-01-30 07:56:28.185130488,2024-01-30 09:59:12.602363394,2.0455555555555556
